2025-05-01 09:37:37,860 [Worker-2: Loading available Gradle versions] INFO  o.e.b.c.i.u.g.PublishedGradleVersions - Gradle version information cache is up-to-date. Trying to read.
2025-05-07 07:47:30,801 [Worker-2: Loading available Gradle versions] INFO  o.e.b.c.i.u.g.PublishedGradleVersions - Gradle version information cache is up-to-date. Trying to read.
2025-05-07 10:12:38,345 [Worker-10: Import Getting Started Content] INFO  o.e.m.c.i.l.LifecycleMappingFactory - Using org.eclipse.m2e.jdt.JarLifecycleMapping lifecycle mapping for MavenProject: hello.com:Hello:0.0.1-SNAPSHOT @ C:\work\Github\202504\202504Class\STS\Hello\pom.xml.
2025-05-07 10:12:38,777 [Worker-10: Import Getting Started Content] INFO  o.e.m.c.i.e.AbstractTransferListenerAdapter - Downloading https://repo.maven.apache.org/maven2/org/springframework/boot/spring-boot-starter-web/3.4.5/spring-boot-starter-web-3.4.5.pom
2025-05-07 10:12:38,812 [Worker-10: Import Getting Started Content] INFO  o.e.m.c.i.e.AbstractTransferListenerAdapter - Downloaded https://repo.maven.apache.org/maven2/org/springframework/boot/spring-boot-starter-web/3.4.5/spring-boot-starter-web-3.4.5.pom
2025-05-07 10:12:39,077 [Worker-10: Import Getting Started Content] INFO  o.e.m.c.i.e.AbstractTransferListenerAdapter - Downloading https://repo.maven.apache.org/maven2/org/springframework/boot/spring-boot-starter-json/3.4.5/spring-boot-starter-json-3.4.5.pom
2025-05-07 10:12:39,088 [Worker-10: Import Getting Started Content] INFO  o.e.m.c.i.e.AbstractTransferListenerAdapter - Downloaded https://repo.maven.apache.org/maven2/org/springframework/boot/spring-boot-starter-json/3.4.5/spring-boot-starter-json-3.4.5.pom
2025-05-07 10:12:39,119 [Worker-10: Import Getting Started Content] INFO  o.e.m.c.i.e.AbstractTransferListenerAdapter - Downloading https://repo.maven.apache.org/maven2/org/springframework/spring-web/6.2.6/spring-web-6.2.6.pom
2025-05-07 10:12:39,131 [Worker-10: Import Getting Started Content] INFO  o.e.m.c.i.e.AbstractTransferListenerAdapter - Downloaded https://repo.maven.apache.org/maven2/org/springframework/spring-web/6.2.6/spring-web-6.2.6.pom
2025-05-07 10:12:39,163 [Worker-10: Import Getting Started Content] INFO  o.e.m.c.i.e.AbstractTransferListenerAdapter - Downloading https://repo.maven.apache.org/maven2/com/fasterxml/jackson/core/jackson-databind/2.18.3/jackson-databind-2.18.3.pom
2025-05-07 10:12:39,179 [Worker-10: Import Getting Started Content] INFO  o.e.m.c.i.e.AbstractTransferListenerAdapter - Downloaded https://repo.maven.apache.org/maven2/com/fasterxml/jackson/core/jackson-databind/2.18.3/jackson-databind-2.18.3.pom
2025-05-07 10:12:39,208 [Worker-10: Import Getting Started Content] INFO  o.e.m.c.i.e.AbstractTransferListenerAdapter - Downloading https://repo.maven.apache.org/maven2/com/fasterxml/jackson/jackson-base/2.18.3/jackson-base-2.18.3.pom
2025-05-07 10:12:39,216 [Worker-10: Import Getting Started Content] INFO  o.e.m.c.i.e.AbstractTransferListenerAdapter - Downloaded https://repo.maven.apache.org/maven2/com/fasterxml/jackson/jackson-base/2.18.3/jackson-base-2.18.3.pom
2025-05-07 10:12:39,257 [Worker-10: Import Getting Started Content] INFO  o.e.m.c.i.e.AbstractTransferListenerAdapter - Downloading https://repo.maven.apache.org/maven2/com/fasterxml/jackson/core/jackson-annotations/2.18.3/jackson-annotations-2.18.3.pom
2025-05-07 10:12:39,266 [Worker-10: Import Getting Started Content] INFO  o.e.m.c.i.e.AbstractTransferListenerAdapter - Downloaded https://repo.maven.apache.org/maven2/com/fasterxml/jackson/core/jackson-annotations/2.18.3/jackson-annotations-2.18.3.pom
2025-05-07 10:12:39,297 [Worker-10: Import Getting Started Content] INFO  o.e.m.c.i.e.AbstractTransferListenerAdapter - Downloading https://repo.maven.apache.org/maven2/com/fasterxml/jackson/core/jackson-core/2.18.3/jackson-core-2.18.3.pom
2025-05-07 10:12:39,302 [Worker-10: Import Getting Started Content] INFO  o.e.m.c.i.e.AbstractTransferListenerAdapter - Downloaded https://repo.maven.apache.org/maven2/com/fasterxml/jackson/core/jackson-core/2.18.3/jackson-core-2.18.3.pom
2025-05-07 10:12:39,333 [Worker-10: Import Getting Started Content] INFO  o.e.m.c.i.e.AbstractTransferListenerAdapter - Downloading https://repo.maven.apache.org/maven2/com/fasterxml/jackson/datatype/jackson-datatype-jdk8/2.18.3/jackson-datatype-jdk8-2.18.3.pom
2025-05-07 10:12:39,341 [Worker-10: Import Getting Started Content] INFO  o.e.m.c.i.e.AbstractTransferListenerAdapter - Downloaded https://repo.maven.apache.org/maven2/com/fasterxml/jackson/datatype/jackson-datatype-jdk8/2.18.3/jackson-datatype-jdk8-2.18.3.pom
2025-05-07 10:12:39,370 [Worker-10: Import Getting Started Content] INFO  o.e.m.c.i.e.AbstractTransferListenerAdapter - Downloading https://repo.maven.apache.org/maven2/com/fasterxml/jackson/module/jackson-modules-java8/2.18.3/jackson-modules-java8-2.18.3.pom
2025-05-07 10:12:39,375 [Worker-10: Import Getting Started Content] INFO  o.e.m.c.i.e.AbstractTransferListenerAdapter - Downloaded https://repo.maven.apache.org/maven2/com/fasterxml/jackson/module/jackson-modules-java8/2.18.3/jackson-modules-java8-2.18.3.pom
2025-05-07 10:12:39,403 [Worker-10: Import Getting Started Content] INFO  o.e.m.c.i.e.AbstractTransferListenerAdapter - Downloading https://repo.maven.apache.org/maven2/com/fasterxml/jackson/datatype/jackson-datatype-jsr310/2.18.3/jackson-datatype-jsr310-2.18.3.pom
2025-05-07 10:12:39,409 [Worker-10: Import Getting Started Content] INFO  o.e.m.c.i.e.AbstractTransferListenerAdapter - Downloaded https://repo.maven.apache.org/maven2/com/fasterxml/jackson/datatype/jackson-datatype-jsr310/2.18.3/jackson-datatype-jsr310-2.18.3.pom
2025-05-07 10:12:39,446 [Worker-10: Import Getting Started Content] INFO  o.e.m.c.i.e.AbstractTransferListenerAdapter - Downloading https://repo.maven.apache.org/maven2/com/fasterxml/jackson/module/jackson-module-parameter-names/2.18.3/jackson-module-parameter-names-2.18.3.pom
2025-05-07 10:12:39,453 [Worker-10: Import Getting Started Content] INFO  o.e.m.c.i.e.AbstractTransferListenerAdapter - Downloaded https://repo.maven.apache.org/maven2/com/fasterxml/jackson/module/jackson-module-parameter-names/2.18.3/jackson-module-parameter-names-2.18.3.pom
2025-05-07 10:12:39,486 [Worker-10: Import Getting Started Content] INFO  o.e.m.c.i.e.AbstractTransferListenerAdapter - Downloading https://repo.maven.apache.org/maven2/org/springframework/boot/spring-boot-starter-tomcat/3.4.5/spring-boot-starter-tomcat-3.4.5.pom
2025-05-07 10:12:39,492 [Worker-10: Import Getting Started Content] INFO  o.e.m.c.i.e.AbstractTransferListenerAdapter - Downloaded https://repo.maven.apache.org/maven2/org/springframework/boot/spring-boot-starter-tomcat/3.4.5/spring-boot-starter-tomcat-3.4.5.pom
2025-05-07 10:12:39,526 [Worker-10: Import Getting Started Content] INFO  o.e.m.c.i.e.AbstractTransferListenerAdapter - Downloading https://repo.maven.apache.org/maven2/org/apache/tomcat/embed/tomcat-embed-core/10.1.40/tomcat-embed-core-10.1.40.pom
2025-05-07 10:12:39,534 [Worker-10: Import Getting Started Content] INFO  o.e.m.c.i.e.AbstractTransferListenerAdapter - Downloaded https://repo.maven.apache.org/maven2/org/apache/tomcat/embed/tomcat-embed-core/10.1.40/tomcat-embed-core-10.1.40.pom
2025-05-07 10:12:39,565 [Worker-10: Import Getting Started Content] INFO  o.e.m.c.i.e.AbstractTransferListenerAdapter - Downloading https://repo.maven.apache.org/maven2/org/apache/tomcat/embed/tomcat-embed-el/10.1.40/tomcat-embed-el-10.1.40.pom
2025-05-07 10:12:39,573 [Worker-10: Import Getting Started Content] INFO  o.e.m.c.i.e.AbstractTransferListenerAdapter - Downloaded https://repo.maven.apache.org/maven2/org/apache/tomcat/embed/tomcat-embed-el/10.1.40/tomcat-embed-el-10.1.40.pom
2025-05-07 10:12:39,603 [Worker-10: Import Getting Started Content] INFO  o.e.m.c.i.e.AbstractTransferListenerAdapter - Downloading https://repo.maven.apache.org/maven2/org/apache/tomcat/embed/tomcat-embed-websocket/10.1.40/tomcat-embed-websocket-10.1.40.pom
2025-05-07 10:12:39,615 [Worker-10: Import Getting Started Content] INFO  o.e.m.c.i.e.AbstractTransferListenerAdapter - Downloaded https://repo.maven.apache.org/maven2/org/apache/tomcat/embed/tomcat-embed-websocket/10.1.40/tomcat-embed-websocket-10.1.40.pom
2025-05-07 10:12:39,646 [Worker-10: Import Getting Started Content] INFO  o.e.m.c.i.e.AbstractTransferListenerAdapter - Downloading https://repo.maven.apache.org/maven2/org/springframework/spring-webmvc/6.2.6/spring-webmvc-6.2.6.pom
2025-05-07 10:12:39,655 [Worker-10: Import Getting Started Content] INFO  o.e.m.c.i.e.AbstractTransferListenerAdapter - Downloaded https://repo.maven.apache.org/maven2/org/springframework/spring-webmvc/6.2.6/spring-webmvc-6.2.6.pom
2025-05-07 10:12:39,986 [Worker-10: Import Getting Started Content] INFO  o.e.m.c.i.e.AbstractTransferListenerAdapter - Downloading https://repo.maven.apache.org/maven2/org/springframework/boot/spring-boot-starter-web/3.4.5/spring-boot-starter-web-3.4.5.jar
2025-05-07 10:12:39,994 [Worker-10: Import Getting Started Content] INFO  o.e.m.c.i.e.AbstractTransferListenerAdapter - Downloaded https://repo.maven.apache.org/maven2/org/springframework/boot/spring-boot-starter-web/3.4.5/spring-boot-starter-web-3.4.5.jar
2025-05-07 10:12:40,022 [BasicRepositoryConnector-repo.maven.apache.org-0-1] INFO  o.e.m.c.i.e.AbstractTransferListenerAdapter - Downloading https://repo.maven.apache.org/maven2/com/fasterxml/jackson/core/jackson-databind/2.18.3/jackson-databind-2.18.3.jar
2025-05-07 10:12:40,229 [BasicRepositoryConnector-repo.maven.apache.org-0-0] INFO  o.e.m.c.i.e.AbstractTransferListenerAdapter - Downloading https://repo.maven.apache.org/maven2/org/springframework/boot/spring-boot-starter-json/3.4.5/spring-boot-starter-json-3.4.5.jar
2025-05-07 10:12:40,233 [BasicRepositoryConnector-repo.maven.apache.org-0-4] INFO  o.e.m.c.i.e.AbstractTransferListenerAdapter - Downloading https://repo.maven.apache.org/maven2/com/fasterxml/jackson/datatype/jackson-datatype-jdk8/2.18.3/jackson-datatype-jdk8-2.18.3.jar
2025-05-07 10:12:40,242 [BasicRepositoryConnector-repo.maven.apache.org-0-0] INFO  o.e.m.c.i.e.AbstractTransferListenerAdapter - Downloaded https://repo.maven.apache.org/maven2/org/springframework/boot/spring-boot-starter-json/3.4.5/spring-boot-starter-json-3.4.5.jar
2025-05-07 10:12:40,257 [BasicRepositoryConnector-repo.maven.apache.org-0-4] INFO  o.e.m.c.i.e.AbstractTransferListenerAdapter - Downloaded https://repo.maven.apache.org/maven2/com/fasterxml/jackson/datatype/jackson-datatype-jdk8/2.18.3/jackson-datatype-jdk8-2.18.3.jar
2025-05-07 10:12:40,258 [BasicRepositoryConnector-repo.maven.apache.org-0-2] INFO  o.e.m.c.i.e.AbstractTransferListenerAdapter - Downloading https://repo.maven.apache.org/maven2/com/fasterxml/jackson/core/jackson-annotations/2.18.3/jackson-annotations-2.18.3.jar
2025-05-07 10:12:40,266 [BasicRepositoryConnector-repo.maven.apache.org-0-0] INFO  o.e.m.c.i.e.AbstractTransferListenerAdapter - Downloading https://repo.maven.apache.org/maven2/com/fasterxml/jackson/datatype/jackson-datatype-jsr310/2.18.3/jackson-datatype-jsr310-2.18.3.jar
2025-05-07 10:12:40,272 [BasicRepositoryConnector-repo.maven.apache.org-0-3] INFO  o.e.m.c.i.e.AbstractTransferListenerAdapter - Downloading https://repo.maven.apache.org/maven2/com/fasterxml/jackson/core/jackson-core/2.18.3/jackson-core-2.18.3.jar
2025-05-07 10:12:40,292 [BasicRepositoryConnector-repo.maven.apache.org-0-4] INFO  o.e.m.c.i.e.AbstractTransferListenerAdapter - Downloading https://repo.maven.apache.org/maven2/com/fasterxml/jackson/module/jackson-module-parameter-names/2.18.3/jackson-module-parameter-names-2.18.3.jar
2025-05-07 10:12:40,306 [BasicRepositoryConnector-repo.maven.apache.org-0-4] INFO  o.e.m.c.i.e.AbstractTransferListenerAdapter - Downloaded https://repo.maven.apache.org/maven2/com/fasterxml/jackson/module/jackson-module-parameter-names/2.18.3/jackson-module-parameter-names-2.18.3.jar
2025-05-07 10:12:40,322 [BasicRepositoryConnector-repo.maven.apache.org-0-0] INFO  o.e.m.c.i.e.AbstractTransferListenerAdapter - Downloaded https://repo.maven.apache.org/maven2/com/fasterxml/jackson/datatype/jackson-datatype-jsr310/2.18.3/jackson-datatype-jsr310-2.18.3.jar
2025-05-07 10:12:40,334 [BasicRepositoryConnector-repo.maven.apache.org-0-4] INFO  o.e.m.c.i.e.AbstractTransferListenerAdapter - Downloading https://repo.maven.apache.org/maven2/org/springframework/boot/spring-boot-starter-tomcat/3.4.5/spring-boot-starter-tomcat-3.4.5.jar
2025-05-07 10:12:40,341 [BasicRepositoryConnector-repo.maven.apache.org-0-4] INFO  o.e.m.c.i.e.AbstractTransferListenerAdapter - Downloaded https://repo.maven.apache.org/maven2/org/springframework/boot/spring-boot-starter-tomcat/3.4.5/spring-boot-starter-tomcat-3.4.5.jar
2025-05-07 10:12:40,349 [BasicRepositoryConnector-repo.maven.apache.org-0-0] INFO  o.e.m.c.i.e.AbstractTransferListenerAdapter - Downloading https://repo.maven.apache.org/maven2/org/apache/tomcat/embed/tomcat-embed-core/10.1.40/tomcat-embed-core-10.1.40.jar
2025-05-07 10:12:40,353 [BasicRepositoryConnector-repo.maven.apache.org-0-2] INFO  o.e.m.c.i.e.AbstractTransferListenerAdapter - Downloaded https://repo.maven.apache.org/maven2/com/fasterxml/jackson/core/jackson-annotations/2.18.3/jackson-annotations-2.18.3.jar
2025-05-07 10:12:40,377 [BasicRepositoryConnector-repo.maven.apache.org-0-4] INFO  o.e.m.c.i.e.AbstractTransferListenerAdapter - Downloading https://repo.maven.apache.org/maven2/org/apache/tomcat/embed/tomcat-embed-el/10.1.40/tomcat-embed-el-10.1.40.jar
2025-05-07 10:12:40,398 [BasicRepositoryConnector-repo.maven.apache.org-0-2] INFO  o.e.m.c.i.e.AbstractTransferListenerAdapter - Downloading https://repo.maven.apache.org/maven2/org/apache/tomcat/embed/tomcat-embed-websocket/10.1.40/tomcat-embed-websocket-10.1.40.jar
2025-05-07 10:12:40,480 [BasicRepositoryConnector-repo.maven.apache.org-0-1] INFO  o.e.m.c.i.e.AbstractTransferListenerAdapter - Downloaded https://repo.maven.apache.org/maven2/com/fasterxml/jackson/core/jackson-databind/2.18.3/jackson-databind-2.18.3.jar
2025-05-07 10:12:40,494 [BasicRepositoryConnector-repo.maven.apache.org-0-3] INFO  o.e.m.c.i.e.AbstractTransferListenerAdapter - Downloaded https://repo.maven.apache.org/maven2/com/fasterxml/jackson/core/jackson-core/2.18.3/jackson-core-2.18.3.jar
2025-05-07 10:12:40,501 [BasicRepositoryConnector-repo.maven.apache.org-0-2] INFO  o.e.m.c.i.e.AbstractTransferListenerAdapter - Downloaded https://repo.maven.apache.org/maven2/org/apache/tomcat/embed/tomcat-embed-websocket/10.1.40/tomcat-embed-websocket-10.1.40.jar
2025-05-07 10:12:40,502 [BasicRepositoryConnector-repo.maven.apache.org-0-4] INFO  o.e.m.c.i.e.AbstractTransferListenerAdapter - Downloaded https://repo.maven.apache.org/maven2/org/apache/tomcat/embed/tomcat-embed-el/10.1.40/tomcat-embed-el-10.1.40.jar
2025-05-07 10:12:40,502 [BasicRepositoryConnector-repo.maven.apache.org-0-1] INFO  o.e.m.c.i.e.AbstractTransferListenerAdapter - Downloading https://repo.maven.apache.org/maven2/org/springframework/spring-web/6.2.6/spring-web-6.2.6.jar
2025-05-07 10:12:40,537 [BasicRepositoryConnector-repo.maven.apache.org-0-3] INFO  o.e.m.c.i.e.AbstractTransferListenerAdapter - Downloading https://repo.maven.apache.org/maven2/org/springframework/spring-webmvc/6.2.6/spring-webmvc-6.2.6.jar
2025-05-07 10:12:40,828 [BasicRepositoryConnector-repo.maven.apache.org-0-1] INFO  o.e.m.c.i.e.AbstractTransferListenerAdapter - Downloaded https://repo.maven.apache.org/maven2/org/springframework/spring-web/6.2.6/spring-web-6.2.6.jar
2025-05-07 10:12:40,878 [BasicRepositoryConnector-repo.maven.apache.org-0-3] INFO  o.e.m.c.i.e.AbstractTransferListenerAdapter - Downloaded https://repo.maven.apache.org/maven2/org/springframework/spring-webmvc/6.2.6/spring-webmvc-6.2.6.jar
2025-05-07 10:12:40,909 [BasicRepositoryConnector-repo.maven.apache.org-0-0] INFO  o.e.m.c.i.e.AbstractTransferListenerAdapter - Downloaded https://repo.maven.apache.org/maven2/org/apache/tomcat/embed/tomcat-embed-core/10.1.40/tomcat-embed-core-10.1.40.jar
2025-05-07 10:12:42,770 [Worker-10: Import Getting Started Content] INFO  o.e.m.j.i.AbstractJavaProjectConfigurator - Adding source folder /Hello/src/main/java
2025-05-07 10:12:42,777 [Worker-10: Import Getting Started Content] INFO  o.e.m.j.i.AbstractJavaProjectConfigurator - Adding resource folder /Hello/src/main/resources
2025-05-07 10:12:42,788 [Worker-10: Import Getting Started Content] INFO  o.e.m.j.i.AbstractJavaProjectConfigurator - Adding resource folder /Hello/src/main/resources
2025-05-07 10:12:42,802 [Worker-10: Import Getting Started Content] INFO  o.e.m.j.i.AbstractJavaProjectConfigurator - Adding source folder /Hello/src/test/java
2025-05-07 10:12:42,806 [Worker-10: Import Getting Started Content] INFO  o.e.m.j.i.AbstractJavaProjectConfigurator - Adding resource folder /Hello/src/test/resources
2025-05-07 10:12:43,386 [Worker-15: Download sources and javadoc] INFO  o.e.m.c.i.e.AbstractTransferListenerAdapter - Downloading https://repo.maven.apache.org/maven2/org/springframework/boot/spring-boot-starter-web/3.4.5/spring-boot-starter-web-3.4.5-sources.jar
2025-05-07 10:12:43,400 [Worker-15: Download sources and javadoc] INFO  o.e.m.c.i.e.AbstractTransferListenerAdapter - Downloaded https://repo.maven.apache.org/maven2/org/springframework/boot/spring-boot-starter-web/3.4.5/spring-boot-starter-web-3.4.5-sources.jar
2025-05-07 10:12:43,443 [Worker-15: Download sources and javadoc] INFO  o.e.m.j.internal.DownloadSourcesJob - Downloaded sources for org.springframework.boot:spring-boot-starter-web:3.4.5
2025-05-07 10:12:43,560 [Worker-15: Download sources and javadoc] INFO  o.e.m.c.i.e.AbstractTransferListenerAdapter - Downloading https://repo.maven.apache.org/maven2/org/springframework/boot/spring-boot-starter-json/3.4.5/spring-boot-starter-json-3.4.5-sources.jar
2025-05-07 10:12:43,573 [Worker-15: Download sources and javadoc] INFO  o.e.m.c.i.e.AbstractTransferListenerAdapter - Downloaded https://repo.maven.apache.org/maven2/org/springframework/boot/spring-boot-starter-json/3.4.5/spring-boot-starter-json-3.4.5-sources.jar
2025-05-07 10:12:43,584 [Worker-15: Download sources and javadoc] INFO  o.e.m.j.internal.DownloadSourcesJob - Downloaded sources for org.springframework.boot:spring-boot-starter-json:3.4.5
2025-05-07 10:12:43,681 [Worker-15: Download sources and javadoc] INFO  o.e.m.c.i.e.AbstractTransferListenerAdapter - Downloading https://repo.maven.apache.org/maven2/com/fasterxml/jackson/core/jackson-databind/2.18.3/jackson-databind-2.18.3-sources.jar
2025-05-07 10:12:43,817 [Worker-15: Download sources and javadoc] INFO  o.e.m.c.i.e.AbstractTransferListenerAdapter - Downloaded https://repo.maven.apache.org/maven2/com/fasterxml/jackson/core/jackson-databind/2.18.3/jackson-databind-2.18.3-sources.jar
2025-05-07 10:12:43,827 [Worker-15: Download sources and javadoc] INFO  o.e.m.j.internal.DownloadSourcesJob - Downloaded sources for com.fasterxml.jackson.core:jackson-databind:2.18.3
2025-05-07 10:12:43,908 [Worker-15: Download sources and javadoc] INFO  o.e.m.c.i.e.AbstractTransferListenerAdapter - Downloading https://repo.maven.apache.org/maven2/com/fasterxml/jackson/core/jackson-annotations/2.18.3/jackson-annotations-2.18.3-sources.jar
2025-05-07 10:12:43,945 [Worker-15: Download sources and javadoc] INFO  o.e.m.c.i.e.AbstractTransferListenerAdapter - Downloaded https://repo.maven.apache.org/maven2/com/fasterxml/jackson/core/jackson-annotations/2.18.3/jackson-annotations-2.18.3-sources.jar
2025-05-07 10:12:43,956 [Worker-15: Download sources and javadoc] INFO  o.e.m.j.internal.DownloadSourcesJob - Downloaded sources for com.fasterxml.jackson.core:jackson-annotations:2.18.3
2025-05-07 10:12:44,036 [Worker-15: Download sources and javadoc] INFO  o.e.m.c.i.e.AbstractTransferListenerAdapter - Downloading https://repo.maven.apache.org/maven2/com/fasterxml/jackson/core/jackson-core/2.18.3/jackson-core-2.18.3-sources.jar
2025-05-07 10:12:44,125 [Worker-15: Download sources and javadoc] INFO  o.e.m.c.i.e.AbstractTransferListenerAdapter - Downloaded https://repo.maven.apache.org/maven2/com/fasterxml/jackson/core/jackson-core/2.18.3/jackson-core-2.18.3-sources.jar
2025-05-07 10:12:44,138 [Worker-15: Download sources and javadoc] INFO  o.e.m.j.internal.DownloadSourcesJob - Downloaded sources for com.fasterxml.jackson.core:jackson-core:2.18.3
2025-05-07 10:12:44,226 [Worker-15: Download sources and javadoc] INFO  o.e.m.c.i.e.AbstractTransferListenerAdapter - Downloading https://repo.maven.apache.org/maven2/com/fasterxml/jackson/datatype/jackson-datatype-jdk8/2.18.3/jackson-datatype-jdk8-2.18.3-sources.jar
2025-05-07 10:12:44,237 [Worker-15: Download sources and javadoc] INFO  o.e.m.c.i.e.AbstractTransferListenerAdapter - Downloaded https://repo.maven.apache.org/maven2/com/fasterxml/jackson/datatype/jackson-datatype-jdk8/2.18.3/jackson-datatype-jdk8-2.18.3-sources.jar
2025-05-07 10:12:44,250 [Worker-15: Download sources and javadoc] INFO  o.e.m.j.internal.DownloadSourcesJob - Downloaded sources for com.fasterxml.jackson.datatype:jackson-datatype-jdk8:2.18.3
2025-05-07 10:12:44,350 [Worker-15: Download sources and javadoc] INFO  o.e.m.c.i.e.AbstractTransferListenerAdapter - Downloading https://repo.maven.apache.org/maven2/com/fasterxml/jackson/datatype/jackson-datatype-jsr310/2.18.3/jackson-datatype-jsr310-2.18.3-sources.jar
2025-05-07 10:12:44,395 [Worker-15: Download sources and javadoc] INFO  o.e.m.c.i.e.AbstractTransferListenerAdapter - Downloaded https://repo.maven.apache.org/maven2/com/fasterxml/jackson/datatype/jackson-datatype-jsr310/2.18.3/jackson-datatype-jsr310-2.18.3-sources.jar
2025-05-07 10:12:44,404 [Worker-15: Download sources and javadoc] INFO  o.e.m.j.internal.DownloadSourcesJob - Downloaded sources for com.fasterxml.jackson.datatype:jackson-datatype-jsr310:2.18.3
2025-05-07 10:12:44,493 [Worker-15: Download sources and javadoc] INFO  o.e.m.c.i.e.AbstractTransferListenerAdapter - Downloading https://repo.maven.apache.org/maven2/com/fasterxml/jackson/module/jackson-module-parameter-names/2.18.3/jackson-module-parameter-names-2.18.3-sources.jar
2025-05-07 10:12:44,505 [Worker-15: Download sources and javadoc] INFO  o.e.m.c.i.e.AbstractTransferListenerAdapter - Downloaded https://repo.maven.apache.org/maven2/com/fasterxml/jackson/module/jackson-module-parameter-names/2.18.3/jackson-module-parameter-names-2.18.3-sources.jar
2025-05-07 10:12:44,515 [Worker-15: Download sources and javadoc] INFO  o.e.m.j.internal.DownloadSourcesJob - Downloaded sources for com.fasterxml.jackson.module:jackson-module-parameter-names:2.18.3
2025-05-07 10:12:44,609 [Worker-15: Download sources and javadoc] INFO  o.e.m.c.i.e.AbstractTransferListenerAdapter - Downloading https://repo.maven.apache.org/maven2/org/springframework/boot/spring-boot-starter-tomcat/3.4.5/spring-boot-starter-tomcat-3.4.5-sources.jar
2025-05-07 10:12:44,619 [Worker-15: Download sources and javadoc] INFO  o.e.m.c.i.e.AbstractTransferListenerAdapter - Downloaded https://repo.maven.apache.org/maven2/org/springframework/boot/spring-boot-starter-tomcat/3.4.5/spring-boot-starter-tomcat-3.4.5-sources.jar
2025-05-07 10:12:44,629 [Worker-15: Download sources and javadoc] INFO  o.e.m.j.internal.DownloadSourcesJob - Downloaded sources for org.springframework.boot:spring-boot-starter-tomcat:3.4.5
2025-05-07 10:12:44,706 [Worker-15: Download sources and javadoc] INFO  o.e.m.c.i.e.AbstractTransferListenerAdapter - Downloading https://repo.maven.apache.org/maven2/org/apache/tomcat/embed/tomcat-embed-core/10.1.40/tomcat-embed-core-10.1.40-sources.jar
2025-05-07 10:12:44,963 [Worker-10: Import Getting Started Content] INFO  o.e.m.c.i.p.ProjectConfigurationManager - Imported and configured 1 project(s) in 10 sec
2025-05-07 10:12:44,987 [Worker-10: Import Getting Started Content] INFO  o.e.m.c.i.p.ProjectConfigurationManager - Update started
2025-05-07 10:12:45,035 [Worker-15: Download sources and javadoc] INFO  o.e.m.c.i.e.AbstractTransferListenerAdapter - Downloaded https://repo.maven.apache.org/maven2/org/apache/tomcat/embed/tomcat-embed-core/10.1.40/tomcat-embed-core-10.1.40-sources.jar
2025-05-07 10:12:45,048 [Worker-15: Download sources and javadoc] INFO  o.e.m.j.internal.DownloadSourcesJob - Downloaded sources for org.apache.tomcat.embed:tomcat-embed-core:10.1.40
2025-05-07 10:12:46,711 [Worker-15: Download sources and javadoc] INFO  o.e.m.c.i.e.AbstractTransferListenerAdapter - Downloading https://repo.maven.apache.org/maven2/org/apache/tomcat/embed/tomcat-embed-el/10.1.40/tomcat-embed-el-10.1.40-sources.jar
2025-05-07 10:12:46,750 [Worker-10: Import Getting Started Content] INFO  o.e.m.c.i.l.LifecycleMappingFactory - Using org.eclipse.m2e.jdt.JarLifecycleMapping lifecycle mapping for MavenProject: hello.com:Hello:0.0.1-SNAPSHOT @ C:\work\Github\202504\202504Class\STS\Hello\pom.xml.
2025-05-07 10:12:46,809 [Worker-15: Download sources and javadoc] INFO  o.e.m.c.i.e.AbstractTransferListenerAdapter - Downloaded https://repo.maven.apache.org/maven2/org/apache/tomcat/embed/tomcat-embed-el/10.1.40/tomcat-embed-el-10.1.40-sources.jar
2025-05-07 10:12:46,821 [Worker-15: Download sources and javadoc] INFO  o.e.m.j.internal.DownloadSourcesJob - Downloaded sources for org.apache.tomcat.embed:tomcat-embed-el:10.1.40
2025-05-07 10:12:46,917 [Worker-15: Download sources and javadoc] INFO  o.e.m.c.i.e.AbstractTransferListenerAdapter - Downloading https://repo.maven.apache.org/maven2/org/apache/tomcat/embed/tomcat-embed-websocket/10.1.40/tomcat-embed-websocket-10.1.40-sources.jar
2025-05-07 10:12:46,984 [Worker-15: Download sources and javadoc] INFO  o.e.m.c.i.e.AbstractTransferListenerAdapter - Downloaded https://repo.maven.apache.org/maven2/org/apache/tomcat/embed/tomcat-embed-websocket/10.1.40/tomcat-embed-websocket-10.1.40-sources.jar
2025-05-07 10:12:46,995 [Worker-15: Download sources and javadoc] INFO  o.e.m.j.internal.DownloadSourcesJob - Downloaded sources for org.apache.tomcat.embed:tomcat-embed-websocket:10.1.40
2025-05-07 10:12:47,096 [Worker-15: Download sources and javadoc] INFO  o.e.m.c.i.e.AbstractTransferListenerAdapter - Downloading https://repo.maven.apache.org/maven2/org/springframework/spring-web/6.2.6/spring-web-6.2.6-sources.jar
2025-05-07 10:12:47,252 [Worker-15: Download sources and javadoc] INFO  o.e.m.c.i.e.AbstractTransferListenerAdapter - Downloaded https://repo.maven.apache.org/maven2/org/springframework/spring-web/6.2.6/spring-web-6.2.6-sources.jar
2025-05-07 10:12:47,265 [Worker-15: Download sources and javadoc] INFO  o.e.m.j.internal.DownloadSourcesJob - Downloaded sources for org.springframework:spring-web:6.2.6
2025-05-07 10:12:47,358 [Worker-15: Download sources and javadoc] INFO  o.e.m.c.i.e.AbstractTransferListenerAdapter - Downloading https://repo.maven.apache.org/maven2/org/springframework/spring-webmvc/6.2.6/spring-webmvc-6.2.6-sources.jar
2025-05-07 10:12:47,465 [Worker-15: Download sources and javadoc] INFO  o.e.m.c.i.e.AbstractTransferListenerAdapter - Downloaded https://repo.maven.apache.org/maven2/org/springframework/spring-webmvc/6.2.6/spring-webmvc-6.2.6-sources.jar
2025-05-07 10:12:47,473 [Worker-15: Download sources and javadoc] INFO  o.e.m.j.internal.DownloadSourcesJob - Downloaded sources for org.springframework:spring-webmvc:6.2.6
2025-05-07 10:12:47,857 [Worker-10: Import Getting Started Content] INFO  o.e.m.j.i.AbstractJavaProjectConfigurator - Adding source folder /Hello/src/main/java
2025-05-07 10:12:47,859 [Worker-10: Import Getting Started Content] INFO  o.e.m.j.i.AbstractJavaProjectConfigurator - Adding resource folder /Hello/src/main/resources
2025-05-07 10:12:47,862 [Worker-10: Import Getting Started Content] INFO  o.e.m.j.i.AbstractJavaProjectConfigurator - Adding resource folder /Hello/src/main/resources
2025-05-07 10:12:47,866 [Worker-10: Import Getting Started Content] INFO  o.e.m.j.i.AbstractJavaProjectConfigurator - Adding source folder /Hello/src/test/java
2025-05-07 10:12:47,869 [Worker-10: Import Getting Started Content] INFO  o.e.m.j.i.AbstractJavaProjectConfigurator - Adding resource folder /Hello/src/test/resources
2025-05-07 10:12:48,799 [Worker-10: Import Getting Started Content] INFO  o.e.m.c.i.p.ProjectConfigurationManager - Update completed for 1 poms: local refresh takes 0.00 sec, refresh facades takes 2.00 sec, update config takes 0.00 sec 
2025-05-07 10:12:51,160 [Worker-18: Building] INFO  o.a.m.s.f.DefaultMavenResourcesFiltering - Copying 1 resource from src\main\resources to target\classes
2025-05-07 10:12:51,213 [Worker-18: Building] INFO  o.a.m.s.f.DefaultMavenResourcesFiltering - Copying 0 resource from src\main\resources to target\classes
2025-05-07 10:12:51,220 [Worker-18: Building] INFO  o.a.m.s.f.DefaultMavenResourcesFiltering - skip non existing resourceDirectory C:\work\Github\202504\202504Class\STS\Hello\src\test\resources
2025-05-07 10:28:26,264 [Worker-24: Building] INFO  o.a.m.s.f.DefaultMavenResourcesFiltering - Copying 1 resource from src\main\resources to target\classes
2025-05-07 10:28:26,284 [Worker-24: Building] INFO  o.a.m.s.f.DefaultMavenResourcesFiltering - Copying 0 resource from src\main\resources to target\classes
2025-05-07 10:28:26,292 [Worker-24: Building] INFO  o.a.m.s.f.DefaultMavenResourcesFiltering - skip non existing resourceDirectory C:\work\Github\202504\202504Class\STS\Hello\src\test\resources
2025-05-07 10:38:23,268 [Worker-19: Building] INFO  o.a.m.s.f.DefaultMavenResourcesFiltering - Copying 1 resource from src\main\resources to target\classes
2025-05-07 10:38:23,278 [Worker-19: Building] INFO  o.a.m.s.f.DefaultMavenResourcesFiltering - Copying 0 resource from src\main\resources to target\classes
2025-05-07 10:38:23,285 [Worker-19: Building] INFO  o.a.m.s.f.DefaultMavenResourcesFiltering - skip non existing resourceDirectory C:\work\Github\202504\202504Class\STS\Hello\src\test\resources
2025-05-07 10:38:29,020 [Worker-23: Building] INFO  o.a.m.s.f.DefaultMavenResourcesFiltering - Copying 1 resource from src\main\resources to target\classes
2025-05-07 10:38:29,031 [Worker-23: Building] INFO  o.a.m.s.f.DefaultMavenResourcesFiltering - Copying 0 resource from src\main\resources to target\classes
2025-05-07 10:38:29,039 [Worker-23: Building] INFO  o.a.m.s.f.DefaultMavenResourcesFiltering - skip non existing resourceDirectory C:\work\Github\202504\202504Class\STS\Hello\src\test\resources
2025-05-07 10:49:23,589 [Worker-42: Building] INFO  o.a.m.s.f.DefaultMavenResourcesFiltering - Copying 1 resource from src\main\resources to target\classes
2025-05-07 10:49:23,606 [Worker-42: Building] INFO  o.a.m.s.f.DefaultMavenResourcesFiltering - Copying 0 resource from src\main\resources to target\classes
2025-05-07 10:49:23,609 [Worker-42: Building] INFO  o.a.m.s.f.DefaultMavenResourcesFiltering - skip non existing resourceDirectory C:\work\Github\202504\202504Class\STS\Hello\src\test\resources
2025-05-07 11:09:44,565 [Worker-46: Building] INFO  o.a.m.s.f.DefaultMavenResourcesFiltering - Copying 0 resource from src\main\resources to target\classes
2025-05-07 11:09:44,567 [Worker-46: Building] INFO  o.a.m.s.f.DefaultMavenResourcesFiltering - Copying 3 resources from src\main\resources to target\classes
2025-05-07 11:09:44,579 [Worker-46: Building] INFO  o.a.m.s.f.DefaultMavenResourcesFiltering - skip non existing resourceDirectory C:\work\Github\202504\202504Class\STS\Hello\src\test\resources
2025-05-07 11:14:14,694 [Worker-50: Building] INFO  o.a.m.s.f.DefaultMavenResourcesFiltering - Copying 1 resource from src\main\resources to target\classes
2025-05-07 11:14:14,734 [Worker-50: Building] INFO  o.a.m.s.f.DefaultMavenResourcesFiltering - Copying 3 resources from src\main\resources to target\classes
2025-05-07 11:14:14,747 [Worker-50: Building] INFO  o.a.m.s.f.DefaultMavenResourcesFiltering - skip non existing resourceDirectory C:\work\Github\202504\202504Class\STS\Hello\src\test\resources
2025-05-07 11:16:15,359 [Worker-50: Building] INFO  o.a.m.s.f.DefaultMavenResourcesFiltering - Copying 1 resource from src\main\resources to target\classes
2025-05-07 11:16:15,374 [Worker-50: Building] INFO  o.a.m.s.f.DefaultMavenResourcesFiltering - Copying 3 resources from src\main\resources to target\classes
2025-05-07 11:16:15,383 [Worker-50: Building] INFO  o.a.m.s.f.DefaultMavenResourcesFiltering - skip non existing resourceDirectory C:\work\Github\202504\202504Class\STS\Hello\src\test\resources
2025-05-07 11:26:38,478 [Worker-60: Building] INFO  o.a.m.s.f.DefaultMavenResourcesFiltering - Copying 1 resource from src\main\resources to target\classes
2025-05-07 11:26:38,499 [Worker-60: Building] INFO  o.a.m.s.f.DefaultMavenResourcesFiltering - Copying 3 resources from src\main\resources to target\classes
2025-05-07 11:26:38,504 [Worker-60: Building] INFO  o.a.m.s.f.DefaultMavenResourcesFiltering - skip non existing resourceDirectory C:\work\Github\202504\202504Class\STS\Hello\src\test\resources
2025-05-07 11:34:27,589 [Worker-61: Building] INFO  o.a.m.s.f.DefaultMavenResourcesFiltering - Copying 1 resource from src\main\resources to target\classes
2025-05-07 11:34:27,619 [Worker-61: Building] INFO  o.a.m.s.f.DefaultMavenResourcesFiltering - Copying 3 resources from src\main\resources to target\classes
2025-05-07 11:34:27,623 [Worker-61: Building] INFO  o.a.m.s.f.DefaultMavenResourcesFiltering - skip non existing resourceDirectory C:\work\Github\202504\202504Class\STS\Hello\src\test\resources
2025-05-07 11:34:49,731 [Worker-56: Building] INFO  o.a.m.s.f.DefaultMavenResourcesFiltering - Copying 1 resource from src\main\resources to target\classes
2025-05-07 11:34:49,754 [Worker-56: Building] INFO  o.a.m.s.f.DefaultMavenResourcesFiltering - Copying 3 resources from src\main\resources to target\classes
2025-05-07 11:34:49,761 [Worker-56: Building] INFO  o.a.m.s.f.DefaultMavenResourcesFiltering - skip non existing resourceDirectory C:\work\Github\202504\202504Class\STS\Hello\src\test\resources
2025-05-07 11:41:18,958 [Worker-61: Building] INFO  o.a.m.s.f.DefaultMavenResourcesFiltering - Copying 0 resource from src\main\resources to target\classes
2025-05-07 11:41:18,960 [Worker-61: Building] INFO  o.a.m.s.f.DefaultMavenResourcesFiltering - Copying 1 resource from src\main\resources to target\classes
2025-05-07 11:41:18,964 [Worker-61: Building] INFO  o.a.m.s.f.DefaultMavenResourcesFiltering - skip non existing resourceDirectory C:\work\Github\202504\202504Class\STS\Hello\src\test\resources
2025-05-07 11:45:04,268 [Worker-69: Building] INFO  o.a.m.s.f.DefaultMavenResourcesFiltering - Copying 1 resource from src\main\resources to target\classes
2025-05-07 11:45:04,279 [Worker-69: Building] INFO  o.a.m.s.f.DefaultMavenResourcesFiltering - Copying 3 resources from src\main\resources to target\classes
2025-05-07 11:45:04,283 [Worker-69: Building] INFO  o.a.m.s.f.DefaultMavenResourcesFiltering - skip non existing resourceDirectory C:\work\Github\202504\202504Class\STS\Hello\src\test\resources
2025-05-07 11:48:14,919 [Worker-73: Building] INFO  o.a.m.s.f.DefaultMavenResourcesFiltering - Copying 1 resource from src\main\resources to target\classes
2025-05-07 11:48:14,930 [Worker-73: Building] INFO  o.a.m.s.f.DefaultMavenResourcesFiltering - Copying 3 resources from src\main\resources to target\classes
2025-05-07 11:48:14,934 [Worker-73: Building] INFO  o.a.m.s.f.DefaultMavenResourcesFiltering - skip non existing resourceDirectory C:\work\Github\202504\202504Class\STS\Hello\src\test\resources
2025-05-07 13:18:10,932 [Worker-86: Building] INFO  o.a.m.s.f.DefaultMavenResourcesFiltering - Copying 0 resource from src\main\resources to target\classes
2025-05-07 13:18:10,935 [Worker-86: Building] INFO  o.a.m.s.f.DefaultMavenResourcesFiltering - Copying 1 resource from src\main\resources to target\classes
2025-05-07 13:18:10,942 [Worker-86: Building] INFO  o.a.m.s.f.DefaultMavenResourcesFiltering - skip non existing resourceDirectory C:\work\Github\202504\202504Class\STS\Hello\src\test\resources
2025-05-07 13:21:07,941 [Worker-86: Building] INFO  o.a.m.s.f.DefaultMavenResourcesFiltering - Copying 1 resource from src\main\resources to target\classes
2025-05-07 13:21:07,968 [Worker-86: Building] INFO  o.a.m.s.f.DefaultMavenResourcesFiltering - Copying 3 resources from src\main\resources to target\classes
2025-05-07 13:21:07,972 [Worker-86: Building] INFO  o.a.m.s.f.DefaultMavenResourcesFiltering - skip non existing resourceDirectory C:\work\Github\202504\202504Class\STS\Hello\src\test\resources
2025-05-07 13:26:15,590 [Worker-88: Building] INFO  o.a.m.s.f.DefaultMavenResourcesFiltering - Copying 1 resource from src\main\resources to target\classes
2025-05-07 13:26:15,617 [Worker-88: Building] INFO  o.a.m.s.f.DefaultMavenResourcesFiltering - Copying 3 resources from src\main\resources to target\classes
2025-05-07 13:26:15,628 [Worker-88: Building] INFO  o.a.m.s.f.DefaultMavenResourcesFiltering - skip non existing resourceDirectory C:\work\Github\202504\202504Class\STS\Hello\src\test\resources
2025-05-07 13:26:22,154 [Worker-92: Building] INFO  o.a.m.s.f.DefaultMavenResourcesFiltering - Copying 1 resource from src\main\resources to target\classes
2025-05-07 13:26:22,169 [Worker-92: Building] INFO  o.a.m.s.f.DefaultMavenResourcesFiltering - Copying 3 resources from src\main\resources to target\classes
2025-05-07 13:26:22,173 [Worker-92: Building] INFO  o.a.m.s.f.DefaultMavenResourcesFiltering - skip non existing resourceDirectory C:\work\Github\202504\202504Class\STS\Hello\src\test\resources
2025-05-07 13:26:32,077 [Worker-88: Building] INFO  o.a.m.s.f.DefaultMavenResourcesFiltering - Copying 1 resource from src\main\resources to target\classes
2025-05-07 13:26:32,091 [Worker-88: Building] INFO  o.a.m.s.f.DefaultMavenResourcesFiltering - Copying 3 resources from src\main\resources to target\classes
2025-05-07 13:26:32,098 [Worker-88: Building] INFO  o.a.m.s.f.DefaultMavenResourcesFiltering - skip non existing resourceDirectory C:\work\Github\202504\202504Class\STS\Hello\src\test\resources
2025-05-07 13:34:19,416 [Worker-95: Import Getting Started Content] INFO  o.e.m.c.i.l.LifecycleMappingFactory - Using org.eclipse.m2e.jdt.JarLifecycleMapping lifecycle mapping for MavenProject: practice.com:ThymeleafPractice:0.0.1-SNAPSHOT @ C:\work\Github\202504\202504Class\STS\ThymeleafPractice\pom.xml.
2025-05-07 13:34:19,543 [Worker-95: Import Getting Started Content] INFO  o.e.m.c.i.e.AbstractTransferListenerAdapter - Downloading https://repo.maven.apache.org/maven2/org/springframework/boot/spring-boot-starter-thymeleaf/3.4.5/spring-boot-starter-thymeleaf-3.4.5.pom
2025-05-07 13:34:19,549 [Worker-95: Import Getting Started Content] INFO  o.e.m.c.i.e.AbstractTransferListenerAdapter - Downloaded https://repo.maven.apache.org/maven2/org/springframework/boot/spring-boot-starter-thymeleaf/3.4.5/spring-boot-starter-thymeleaf-3.4.5.pom
2025-05-07 13:34:19,721 [Worker-95: Import Getting Started Content] INFO  o.e.m.c.i.e.AbstractTransferListenerAdapter - Downloading https://repo.maven.apache.org/maven2/org/thymeleaf/thymeleaf-spring6/3.1.3.RELEASE/thymeleaf-spring6-3.1.3.RELEASE.pom
2025-05-07 13:34:19,727 [Worker-95: Import Getting Started Content] INFO  o.e.m.c.i.e.AbstractTransferListenerAdapter - Downloaded https://repo.maven.apache.org/maven2/org/thymeleaf/thymeleaf-spring6/3.1.3.RELEASE/thymeleaf-spring6-3.1.3.RELEASE.pom
2025-05-07 13:34:19,753 [Worker-95: Import Getting Started Content] INFO  o.e.m.c.i.e.AbstractTransferListenerAdapter - Downloading https://repo.maven.apache.org/maven2/org/thymeleaf/thymeleaf-lib/3.1.3.RELEASE/thymeleaf-lib-3.1.3.RELEASE.pom
2025-05-07 13:34:19,758 [Worker-95: Import Getting Started Content] INFO  o.e.m.c.i.e.AbstractTransferListenerAdapter - Downloaded https://repo.maven.apache.org/maven2/org/thymeleaf/thymeleaf-lib/3.1.3.RELEASE/thymeleaf-lib-3.1.3.RELEASE.pom
2025-05-07 13:34:19,785 [Worker-95: Import Getting Started Content] INFO  o.e.m.c.i.e.AbstractTransferListenerAdapter - Downloading https://repo.maven.apache.org/maven2/org/thymeleaf/thymeleaf-parent/3.1.3.RELEASE/thymeleaf-parent-3.1.3.RELEASE.pom
2025-05-07 13:34:19,794 [Worker-95: Import Getting Started Content] INFO  o.e.m.c.i.e.AbstractTransferListenerAdapter - Downloaded https://repo.maven.apache.org/maven2/org/thymeleaf/thymeleaf-parent/3.1.3.RELEASE/thymeleaf-parent-3.1.3.RELEASE.pom
2025-05-07 13:34:19,821 [Worker-95: Import Getting Started Content] INFO  o.e.m.c.i.e.AbstractTransferListenerAdapter - Downloading https://repo.maven.apache.org/maven2/com/fasterxml/jackson/jackson-bom/2.18.2/jackson-bom-2.18.2.pom
2025-05-07 13:34:19,831 [Worker-95: Import Getting Started Content] INFO  o.e.m.c.i.e.AbstractTransferListenerAdapter - Downloaded https://repo.maven.apache.org/maven2/com/fasterxml/jackson/jackson-bom/2.18.2/jackson-bom-2.18.2.pom
2025-05-07 13:34:19,882 [Worker-95: Import Getting Started Content] INFO  o.e.m.c.i.e.AbstractTransferListenerAdapter - Downloading https://repo.maven.apache.org/maven2/org/apache/logging/log4j/log4j-bom/2.24.2/log4j-bom-2.24.2.pom
2025-05-07 13:34:19,889 [Worker-95: Import Getting Started Content] INFO  o.e.m.c.i.e.AbstractTransferListenerAdapter - Downloaded https://repo.maven.apache.org/maven2/org/apache/logging/log4j/log4j-bom/2.24.2/log4j-bom-2.24.2.pom
2025-05-07 13:34:19,924 [Worker-95: Import Getting Started Content] INFO  o.e.m.c.i.e.AbstractTransferListenerAdapter - Downloading https://repo.maven.apache.org/maven2/org/thymeleaf/thymeleaf/3.1.3.RELEASE/thymeleaf-3.1.3.RELEASE.pom
2025-05-07 13:34:19,934 [Worker-95: Import Getting Started Content] INFO  o.e.m.c.i.e.AbstractTransferListenerAdapter - Downloaded https://repo.maven.apache.org/maven2/org/thymeleaf/thymeleaf/3.1.3.RELEASE/thymeleaf-3.1.3.RELEASE.pom
2025-05-07 13:34:20,334 [Worker-95: Import Getting Started Content] INFO  o.e.m.c.i.e.AbstractTransferListenerAdapter - Downloading https://repo.maven.apache.org/maven2/org/springframework/boot/spring-boot-starter-thymeleaf/3.4.5/spring-boot-starter-thymeleaf-3.4.5.jar
2025-05-07 13:34:20,340 [Worker-95: Import Getting Started Content] INFO  o.e.m.c.i.e.AbstractTransferListenerAdapter - Downloaded https://repo.maven.apache.org/maven2/org/springframework/boot/spring-boot-starter-thymeleaf/3.4.5/spring-boot-starter-thymeleaf-3.4.5.jar
2025-05-07 13:34:20,363 [BasicRepositoryConnector-repo.maven.apache.org-1-1] INFO  o.e.m.c.i.e.AbstractTransferListenerAdapter - Downloading https://repo.maven.apache.org/maven2/org/thymeleaf/thymeleaf/3.1.3.RELEASE/thymeleaf-3.1.3.RELEASE.jar
2025-05-07 13:34:20,407 [BasicRepositoryConnector-repo.maven.apache.org-1-0] INFO  o.e.m.c.i.e.AbstractTransferListenerAdapter - Downloading https://repo.maven.apache.org/maven2/org/thymeleaf/thymeleaf-spring6/3.1.3.RELEASE/thymeleaf-spring6-3.1.3.RELEASE.jar
2025-05-07 13:34:20,459 [BasicRepositoryConnector-repo.maven.apache.org-1-0] INFO  o.e.m.c.i.e.AbstractTransferListenerAdapter - Downloaded https://repo.maven.apache.org/maven2/org/thymeleaf/thymeleaf-spring6/3.1.3.RELEASE/thymeleaf-spring6-3.1.3.RELEASE.jar
2025-05-07 13:34:20,480 [BasicRepositoryConnector-repo.maven.apache.org-1-1] INFO  o.e.m.c.i.e.AbstractTransferListenerAdapter - Downloaded https://repo.maven.apache.org/maven2/org/thymeleaf/thymeleaf/3.1.3.RELEASE/thymeleaf-3.1.3.RELEASE.jar
2025-05-07 13:34:20,833 [Worker-95: Import Getting Started Content] INFO  o.e.m.c.i.l.LifecycleMappingFactory - Using org.eclipse.m2e.jdt.JarLifecycleMapping lifecycle mapping for MavenProject: hello.com:Hello:0.0.1-SNAPSHOT @ C:\work\Github\202504\202504Class\STS\Hello\pom.xml.
2025-05-07 13:34:21,372 [Worker-95: Import Getting Started Content] INFO  o.e.m.j.i.AbstractJavaProjectConfigurator - Adding source folder /ThymeleafPractice/src/main/java
2025-05-07 13:34:21,373 [Worker-95: Import Getting Started Content] INFO  o.e.m.j.i.AbstractJavaProjectConfigurator - Adding resource folder /ThymeleafPractice/src/main/resources
2025-05-07 13:34:21,378 [Worker-95: Import Getting Started Content] INFO  o.e.m.j.i.AbstractJavaProjectConfigurator - Adding resource folder /ThymeleafPractice/src/main/resources
2025-05-07 13:34:21,382 [Worker-95: Import Getting Started Content] INFO  o.e.m.j.i.AbstractJavaProjectConfigurator - Adding source folder /ThymeleafPractice/src/test/java
2025-05-07 13:34:21,385 [Worker-95: Import Getting Started Content] INFO  o.e.m.j.i.AbstractJavaProjectConfigurator - Adding resource folder /ThymeleafPractice/src/test/resources
2025-05-07 13:34:21,677 [Worker-95: Import Getting Started Content] INFO  o.e.m.c.i.p.ProjectConfigurationManager - Imported and configured 1 project(s) in 3 sec
2025-05-07 13:34:21,679 [Worker-95: Import Getting Started Content] INFO  o.e.m.c.i.p.ProjectConfigurationManager - Update started
2025-05-07 13:34:23,534 [Worker-95: Import Getting Started Content] INFO  o.e.m.c.i.l.LifecycleMappingFactory - Using org.eclipse.m2e.jdt.JarLifecycleMapping lifecycle mapping for MavenProject: practice.com:ThymeleafPractice:0.0.1-SNAPSHOT @ C:\work\Github\202504\202504Class\STS\ThymeleafPractice\pom.xml.
2025-05-07 13:34:23,543 [Worker-92: Download sources and javadoc] INFO  o.e.m.c.i.e.AbstractTransferListenerAdapter - Downloading https://repo.maven.apache.org/maven2/org/springframework/boot/spring-boot-starter-thymeleaf/3.4.5/spring-boot-starter-thymeleaf-3.4.5-sources.jar
2025-05-07 13:34:23,550 [Worker-92: Download sources and javadoc] INFO  o.e.m.c.i.e.AbstractTransferListenerAdapter - Downloaded https://repo.maven.apache.org/maven2/org/springframework/boot/spring-boot-starter-thymeleaf/3.4.5/spring-boot-starter-thymeleaf-3.4.5-sources.jar
2025-05-07 13:34:23,555 [Worker-92: Download sources and javadoc] INFO  o.e.m.j.internal.DownloadSourcesJob - Downloaded sources for org.springframework.boot:spring-boot-starter-thymeleaf:3.4.5
2025-05-07 13:34:23,636 [Worker-92: Download sources and javadoc] INFO  o.e.m.c.i.e.AbstractTransferListenerAdapter - Downloading https://repo.maven.apache.org/maven2/org/thymeleaf/thymeleaf-spring6/3.1.3.RELEASE/thymeleaf-spring6-3.1.3.RELEASE-sources.jar
2025-05-07 13:34:23,687 [Worker-92: Download sources and javadoc] INFO  o.e.m.c.i.e.AbstractTransferListenerAdapter - Downloaded https://repo.maven.apache.org/maven2/org/thymeleaf/thymeleaf-spring6/3.1.3.RELEASE/thymeleaf-spring6-3.1.3.RELEASE-sources.jar
2025-05-07 13:34:23,699 [Worker-92: Download sources and javadoc] INFO  o.e.m.j.internal.DownloadSourcesJob - Downloaded sources for org.thymeleaf:thymeleaf-spring6:3.1.3.RELEASE
2025-05-07 13:34:23,777 [Worker-92: Download sources and javadoc] INFO  o.e.m.c.i.e.AbstractTransferListenerAdapter - Downloading https://repo.maven.apache.org/maven2/org/thymeleaf/thymeleaf/3.1.3.RELEASE/thymeleaf-3.1.3.RELEASE-sources.jar
2025-05-07 13:34:23,880 [Worker-92: Download sources and javadoc] INFO  o.e.m.c.i.e.AbstractTransferListenerAdapter - Downloaded https://repo.maven.apache.org/maven2/org/thymeleaf/thymeleaf/3.1.3.RELEASE/thymeleaf-3.1.3.RELEASE-sources.jar
2025-05-07 13:34:23,888 [Worker-92: Download sources and javadoc] INFO  o.e.m.j.internal.DownloadSourcesJob - Downloaded sources for org.thymeleaf:thymeleaf:3.1.3.RELEASE
2025-05-07 13:34:24,349 [Worker-95: Import Getting Started Content] INFO  o.e.m.j.i.AbstractJavaProjectConfigurator - Adding source folder /ThymeleafPractice/src/main/java
2025-05-07 13:34:24,351 [Worker-95: Import Getting Started Content] INFO  o.e.m.j.i.AbstractJavaProjectConfigurator - Adding resource folder /ThymeleafPractice/src/main/resources
2025-05-07 13:34:24,353 [Worker-95: Import Getting Started Content] INFO  o.e.m.j.i.AbstractJavaProjectConfigurator - Adding resource folder /ThymeleafPractice/src/main/resources
2025-05-07 13:34:24,353 [Worker-95: Import Getting Started Content] INFO  o.e.m.j.i.AbstractJavaProjectConfigurator - Adding source folder /ThymeleafPractice/src/test/java
2025-05-07 13:34:24,354 [Worker-95: Import Getting Started Content] INFO  o.e.m.j.i.AbstractJavaProjectConfigurator - Adding resource folder /ThymeleafPractice/src/test/resources
2025-05-07 13:34:24,744 [Worker-95: Import Getting Started Content] INFO  o.e.m.c.i.p.ProjectConfigurationManager - Update completed for 1 poms: local refresh takes 0.00 sec, refresh facades takes 2.00 sec, update config takes 0.00 sec 
2025-05-07 13:34:25,538 [Worker-92: Building] INFO  o.a.m.s.f.DefaultMavenResourcesFiltering - Copying 1 resource from src\main\resources to target\classes
2025-05-07 13:34:25,570 [Worker-92: Building] INFO  o.a.m.s.f.DefaultMavenResourcesFiltering - Copying 0 resource from src\main\resources to target\classes
2025-05-07 13:34:25,579 [Worker-92: Building] INFO  o.a.m.s.f.DefaultMavenResourcesFiltering - skip non existing resourceDirectory C:\work\Github\202504\202504Class\STS\ThymeleafPractice\src\test\resources
2025-05-07 13:35:07,620 [Worker-100: Building] INFO  o.a.m.s.f.DefaultMavenResourcesFiltering - Copying 0 resource from src\main\resources to target\classes
2025-05-07 13:35:07,622 [Worker-100: Building] INFO  o.a.m.s.f.DefaultMavenResourcesFiltering - Copying 3 resources from src\main\resources to target\classes
2025-05-07 13:35:07,630 [Worker-100: Building] INFO  o.a.m.s.f.DefaultMavenResourcesFiltering - skip non existing resourceDirectory C:\work\Github\202504\202504Class\STS\ThymeleafPractice\src\test\resources
2025-05-07 13:36:45,417 [Worker-99: Building] INFO  o.a.m.s.f.DefaultMavenResourcesFiltering - Copying 0 resource from src\main\resources to target\classes
2025-05-07 13:36:45,418 [Worker-99: Building] INFO  o.a.m.s.f.DefaultMavenResourcesFiltering - Copying 2 resources from src\main\resources to target\classes
2025-05-07 13:36:45,432 [Worker-99: Building] INFO  o.a.m.s.f.DefaultMavenResourcesFiltering - skip non existing resourceDirectory C:\work\Github\202504\202504Class\STS\ThymeleafPractice\src\test\resources
2025-05-07 13:38:15,247 [Worker-97: Building] INFO  o.a.m.s.f.DefaultMavenResourcesFiltering - Copying 1 resource from src\main\resources to target\classes
2025-05-07 13:38:15,260 [Worker-97: Building] INFO  o.a.m.s.f.DefaultMavenResourcesFiltering - Copying 5 resources from src\main\resources to target\classes
2025-05-07 13:38:15,266 [Worker-97: Building] INFO  o.a.m.s.f.DefaultMavenResourcesFiltering - skip non existing resourceDirectory C:\work\Github\202504\202504Class\STS\ThymeleafPractice\src\test\resources
2025-05-07 13:40:12,507 [Worker-98: Building] INFO  o.a.m.s.f.DefaultMavenResourcesFiltering - Copying 1 resource from src\main\resources to target\classes
2025-05-07 13:40:12,523 [Worker-98: Building] INFO  o.a.m.s.f.DefaultMavenResourcesFiltering - Copying 5 resources from src\main\resources to target\classes
2025-05-07 13:40:12,530 [Worker-98: Building] INFO  o.a.m.s.f.DefaultMavenResourcesFiltering - skip non existing resourceDirectory C:\work\Github\202504\202504Class\STS\ThymeleafPractice\src\test\resources
2025-05-07 13:40:17,239 [Worker-98: Building] INFO  o.a.m.s.f.DefaultMavenResourcesFiltering - Copying 1 resource from src\main\resources to target\classes
2025-05-07 13:40:17,252 [Worker-98: Building] INFO  o.a.m.s.f.DefaultMavenResourcesFiltering - Copying 5 resources from src\main\resources to target\classes
2025-05-07 13:40:17,256 [Worker-98: Building] INFO  o.a.m.s.f.DefaultMavenResourcesFiltering - skip non existing resourceDirectory C:\work\Github\202504\202504Class\STS\ThymeleafPractice\src\test\resources
2025-05-07 13:43:48,264 [Worker-100: Building] INFO  o.a.m.s.f.DefaultMavenResourcesFiltering - Copying 0 resource from src\main\resources to target\classes
2025-05-07 13:43:48,266 [Worker-100: Building] INFO  o.a.m.s.f.DefaultMavenResourcesFiltering - Copying 1 resource from src\main\resources to target\classes
2025-05-07 13:43:48,272 [Worker-100: Building] INFO  o.a.m.s.f.DefaultMavenResourcesFiltering - skip non existing resourceDirectory C:\work\Github\202504\202504Class\STS\ThymeleafPractice\src\test\resources
2025-05-07 14:21:19,213 [Worker-109: Building] INFO  o.a.m.s.f.DefaultMavenResourcesFiltering - Copying 0 resource from src\main\resources to target\classes
2025-05-07 14:21:19,218 [Worker-109: Building] INFO  o.a.m.s.f.DefaultMavenResourcesFiltering - Copying 1 resource from src\main\resources to target\classes
2025-05-07 14:21:19,234 [Worker-109: Building] INFO  o.a.m.s.f.DefaultMavenResourcesFiltering - skip non existing resourceDirectory C:\work\Github\202504\202504Class\STS\ThymeleafPractice\src\test\resources
2025-05-07 14:22:47,233 [Worker-105: Building] INFO  o.a.m.s.f.DefaultMavenResourcesFiltering - Copying 0 resource from src\main\resources to target\classes
2025-05-07 14:22:47,235 [Worker-105: Building] INFO  o.a.m.s.f.DefaultMavenResourcesFiltering - Copying 1 resource from src\main\resources to target\classes
2025-05-07 14:22:47,241 [Worker-105: Building] INFO  o.a.m.s.f.DefaultMavenResourcesFiltering - skip non existing resourceDirectory C:\work\Github\202504\202504Class\STS\ThymeleafPractice\src\test\resources
2025-05-07 14:25:16,653 [Worker-107: Building] INFO  o.a.m.s.f.DefaultMavenResourcesFiltering - Copying 0 resource from src\main\resources to target\classes
2025-05-07 14:25:16,654 [Worker-107: Building] INFO  o.a.m.s.f.DefaultMavenResourcesFiltering - Copying 1 resource from src\main\resources to target\classes
2025-05-07 14:25:16,658 [Worker-107: Building] INFO  o.a.m.s.f.DefaultMavenResourcesFiltering - skip non existing resourceDirectory C:\work\Github\202504\202504Class\STS\ThymeleafPractice\src\test\resources
2025-05-07 14:26:43,940 [Worker-109: Building] INFO  o.a.m.s.f.DefaultMavenResourcesFiltering - Copying 1 resource from src\main\resources to target\classes
2025-05-07 14:26:43,965 [Worker-109: Building] INFO  o.a.m.s.f.DefaultMavenResourcesFiltering - Copying 5 resources from src\main\resources to target\classes
2025-05-07 14:26:43,975 [Worker-109: Building] INFO  o.a.m.s.f.DefaultMavenResourcesFiltering - skip non existing resourceDirectory C:\work\Github\202504\202504Class\STS\ThymeleafPractice\src\test\resources
2025-05-07 14:29:41,265 [Worker-110: Building] INFO  o.a.m.s.f.DefaultMavenResourcesFiltering - Copying 1 resource from src\main\resources to target\classes
2025-05-07 14:29:41,277 [Worker-110: Building] INFO  o.a.m.s.f.DefaultMavenResourcesFiltering - Copying 5 resources from src\main\resources to target\classes
2025-05-07 14:29:41,284 [Worker-110: Building] INFO  o.a.m.s.f.DefaultMavenResourcesFiltering - skip non existing resourceDirectory C:\work\Github\202504\202504Class\STS\ThymeleafPractice\src\test\resources
2025-05-07 14:48:02,161 [Worker-120: Building] INFO  o.a.m.s.f.DefaultMavenResourcesFiltering - Copying 1 resource from src\main\resources to target\classes
2025-05-07 14:48:02,186 [Worker-120: Building] INFO  o.a.m.s.f.DefaultMavenResourcesFiltering - Copying 5 resources from src\main\resources to target\classes
2025-05-07 14:48:02,191 [Worker-120: Building] INFO  o.a.m.s.f.DefaultMavenResourcesFiltering - skip non existing resourceDirectory C:\work\Github\202504\202504Class\STS\ThymeleafPractice\src\test\resources
2025-05-07 14:50:01,203 [Worker-117: Building] INFO  o.a.m.s.f.DefaultMavenResourcesFiltering - Copying 1 resource from src\main\resources to target\classes
2025-05-07 14:50:01,218 [Worker-117: Building] INFO  o.a.m.s.f.DefaultMavenResourcesFiltering - Copying 5 resources from src\main\resources to target\classes
2025-05-07 14:50:01,222 [Worker-117: Building] INFO  o.a.m.s.f.DefaultMavenResourcesFiltering - skip non existing resourceDirectory C:\work\Github\202504\202504Class\STS\ThymeleafPractice\src\test\resources
2025-05-07 15:13:55,790 [Worker-127: Building] INFO  o.a.m.s.f.DefaultMavenResourcesFiltering - Copying 0 resource from src\main\resources to target\classes
2025-05-07 15:13:55,795 [Worker-127: Building] INFO  o.a.m.s.f.DefaultMavenResourcesFiltering - Copying 1 resource from src\main\resources to target\classes
2025-05-07 15:13:55,802 [Worker-127: Building] INFO  o.a.m.s.f.DefaultMavenResourcesFiltering - skip non existing resourceDirectory C:\work\Github\202504\202504Class\STS\ThymeleafPractice\src\test\resources
2025-05-07 15:15:17,959 [Worker-127: Building] INFO  o.a.m.s.f.DefaultMavenResourcesFiltering - Copying 1 resource from src\main\resources to target\classes
2025-05-07 15:15:17,971 [Worker-127: Building] INFO  o.a.m.s.f.DefaultMavenResourcesFiltering - Copying 5 resources from src\main\resources to target\classes
2025-05-07 15:15:17,977 [Worker-127: Building] INFO  o.a.m.s.f.DefaultMavenResourcesFiltering - skip non existing resourceDirectory C:\work\Github\202504\202504Class\STS\ThymeleafPractice\src\test\resources
2025-05-07 15:19:23,815 [Worker-126: Building] INFO  o.a.m.s.f.DefaultMavenResourcesFiltering - Copying 1 resource from src\main\resources to target\classes
2025-05-07 15:19:23,830 [Worker-126: Building] INFO  o.a.m.s.f.DefaultMavenResourcesFiltering - Copying 5 resources from src\main\resources to target\classes
2025-05-07 15:19:23,843 [Worker-126: Building] INFO  o.a.m.s.f.DefaultMavenResourcesFiltering - skip non existing resourceDirectory C:\work\Github\202504\202504Class\STS\ThymeleafPractice\src\test\resources
2025-05-07 15:24:06,126 [Worker-130: Building] INFO  o.a.m.s.f.DefaultMavenResourcesFiltering - Copying 1 resource from src\main\resources to target\classes
2025-05-07 15:24:06,137 [Worker-130: Building] INFO  o.a.m.s.f.DefaultMavenResourcesFiltering - Copying 5 resources from src\main\resources to target\classes
2025-05-07 15:24:06,141 [Worker-130: Building] INFO  o.a.m.s.f.DefaultMavenResourcesFiltering - skip non existing resourceDirectory C:\work\Github\202504\202504Class\STS\ThymeleafPractice\src\test\resources
2025-05-07 15:28:27,141 [Worker-133: Building] INFO  o.a.m.s.f.DefaultMavenResourcesFiltering - Copying 0 resource from src\main\resources to target\classes
2025-05-07 15:28:27,144 [Worker-133: Building] INFO  o.a.m.s.f.DefaultMavenResourcesFiltering - Copying 1 resource from src\main\resources to target\classes
2025-05-07 15:28:27,150 [Worker-133: Building] INFO  o.a.m.s.f.DefaultMavenResourcesFiltering - skip non existing resourceDirectory C:\work\Github\202504\202504Class\STS\ThymeleafPractice\src\test\resources
2025-05-07 15:29:34,136 [Worker-130: Launching ThymeleafPractice - ThymeleafPracticeApplication] INFO  o.a.m.s.f.DefaultMavenResourcesFiltering - Copying 1 resource from src\main\resources to target\classes
2025-05-07 15:29:34,161 [Worker-130: Launching ThymeleafPractice - ThymeleafPracticeApplication] INFO  o.a.m.s.f.DefaultMavenResourcesFiltering - Copying 5 resources from src\main\resources to target\classes
2025-05-07 15:29:34,171 [Worker-130: Launching ThymeleafPractice - ThymeleafPracticeApplication] INFO  o.a.m.s.f.DefaultMavenResourcesFiltering - skip non existing resourceDirectory C:\work\Github\202504\202504Class\STS\ThymeleafPractice\src\test\resources
2025-05-07 15:37:30,322 [Worker-131: Building] INFO  o.a.m.s.f.DefaultMavenResourcesFiltering - Copying 1 resource from src\main\resources to target\classes
2025-05-07 15:37:30,338 [Worker-131: Building] INFO  o.a.m.s.f.DefaultMavenResourcesFiltering - Copying 5 resources from src\main\resources to target\classes
2025-05-07 15:37:30,347 [Worker-131: Building] INFO  o.a.m.s.f.DefaultMavenResourcesFiltering - skip non existing resourceDirectory C:\work\Github\202504\202504Class\STS\ThymeleafPractice\src\test\resources
2025-05-07 15:38:56,909 [Worker-134: Building] INFO  o.a.m.s.f.DefaultMavenResourcesFiltering - Copying 1 resource from src\main\resources to target\classes
2025-05-07 15:38:56,922 [Worker-134: Building] INFO  o.a.m.s.f.DefaultMavenResourcesFiltering - Copying 5 resources from src\main\resources to target\classes
2025-05-07 15:38:56,928 [Worker-134: Building] INFO  o.a.m.s.f.DefaultMavenResourcesFiltering - skip non existing resourceDirectory C:\work\Github\202504\202504Class\STS\ThymeleafPractice\src\test\resources
2025-05-07 15:39:47,443 [Worker-139: Building] INFO  o.a.m.s.f.DefaultMavenResourcesFiltering - Copying 1 resource from src\main\resources to target\classes
2025-05-07 15:39:47,451 [Worker-139: Building] INFO  o.a.m.s.f.DefaultMavenResourcesFiltering - Copying 5 resources from src\main\resources to target\classes
2025-05-07 15:39:47,456 [Worker-139: Building] INFO  o.a.m.s.f.DefaultMavenResourcesFiltering - skip non existing resourceDirectory C:\work\Github\202504\202504Class\STS\ThymeleafPractice\src\test\resources
2025-05-07 15:41:53,801 [Worker-127: Building] INFO  o.a.m.s.f.DefaultMavenResourcesFiltering - Copying 0 resource from src\main\resources to target\classes
2025-05-07 15:41:53,802 [Worker-127: Building] INFO  o.a.m.s.f.DefaultMavenResourcesFiltering - Copying 1 resource from src\main\resources to target\classes
2025-05-07 15:41:53,808 [Worker-127: Building] INFO  o.a.m.s.f.DefaultMavenResourcesFiltering - skip non existing resourceDirectory C:\work\Github\202504\202504Class\STS\ThymeleafPractice\src\test\resources
2025-05-07 15:41:59,045 [Worker-127: Building] INFO  o.a.m.s.f.DefaultMavenResourcesFiltering - Copying 0 resource from src\main\resources to target\classes
2025-05-07 15:41:59,048 [Worker-127: Building] INFO  o.a.m.s.f.DefaultMavenResourcesFiltering - Copying 1 resource from src\main\resources to target\classes
2025-05-07 15:41:59,056 [Worker-127: Building] INFO  o.a.m.s.f.DefaultMavenResourcesFiltering - skip non existing resourceDirectory C:\work\Github\202504\202504Class\STS\ThymeleafPractice\src\test\resources
2025-05-07 15:43:15,759 [Worker-138: Building] INFO  o.a.m.s.f.DefaultMavenResourcesFiltering - Copying 1 resource from src\main\resources to target\classes
2025-05-07 15:43:15,774 [Worker-138: Building] INFO  o.a.m.s.f.DefaultMavenResourcesFiltering - Copying 5 resources from src\main\resources to target\classes
2025-05-07 15:43:15,782 [Worker-138: Building] INFO  o.a.m.s.f.DefaultMavenResourcesFiltering - skip non existing resourceDirectory C:\work\Github\202504\202504Class\STS\ThymeleafPractice\src\test\resources
2025-05-07 15:44:11,702 [Worker-141: Building] INFO  o.a.m.s.f.DefaultMavenResourcesFiltering - Copying 0 resource from src\main\resources to target\classes
2025-05-07 15:44:11,704 [Worker-141: Building] INFO  o.a.m.s.f.DefaultMavenResourcesFiltering - Copying 1 resource from src\main\resources to target\classes
2025-05-07 15:44:11,713 [Worker-141: Building] INFO  o.a.m.s.f.DefaultMavenResourcesFiltering - skip non existing resourceDirectory C:\work\Github\202504\202504Class\STS\ThymeleafPractice\src\test\resources
2025-05-07 16:11:18,921 [Worker-148: Building] INFO  o.a.m.s.f.DefaultMavenResourcesFiltering - Copying 1 resource from src\main\resources to target\classes
2025-05-07 16:11:18,956 [Worker-148: Building] INFO  o.a.m.s.f.DefaultMavenResourcesFiltering - Copying 5 resources from src\main\resources to target\classes
2025-05-07 16:11:18,975 [Worker-148: Building] INFO  o.a.m.s.f.DefaultMavenResourcesFiltering - skip non existing resourceDirectory C:\work\Github\202504\202504Class\STS\ThymeleafPractice\src\test\resources
2025-05-07 16:11:52,292 [Worker-150: Building] INFO  o.a.m.s.f.DefaultMavenResourcesFiltering - Copying 0 resource from src\main\resources to target\classes
2025-05-07 16:11:52,294 [Worker-150: Building] INFO  o.a.m.s.f.DefaultMavenResourcesFiltering - Copying 1 resource from src\main\resources to target\classes
2025-05-07 16:11:52,299 [Worker-150: Building] INFO  o.a.m.s.f.DefaultMavenResourcesFiltering - skip non existing resourceDirectory C:\work\Github\202504\202504Class\STS\ThymeleafPractice\src\test\resources
2025-05-07 16:12:38,617 [Worker-148: Building] INFO  o.a.m.s.f.DefaultMavenResourcesFiltering - Copying 0 resource from src\main\resources to target\classes
2025-05-07 16:12:38,619 [Worker-148: Building] INFO  o.a.m.s.f.DefaultMavenResourcesFiltering - Copying 1 resource from src\main\resources to target\classes
2025-05-07 16:12:38,627 [Worker-148: Building] INFO  o.a.m.s.f.DefaultMavenResourcesFiltering - skip non existing resourceDirectory C:\work\Github\202504\202504Class\STS\ThymeleafPractice\src\test\resources
2025-05-07 16:15:43,239 [Worker-151: Building] INFO  o.a.m.s.f.DefaultMavenResourcesFiltering - Copying 1 resource from src\main\resources to target\classes
2025-05-07 16:15:43,254 [Worker-151: Building] INFO  o.a.m.s.f.DefaultMavenResourcesFiltering - Copying 6 resources from src\main\resources to target\classes
2025-05-07 16:15:43,262 [Worker-151: Building] INFO  o.a.m.s.f.DefaultMavenResourcesFiltering - skip non existing resourceDirectory C:\work\Github\202504\202504Class\STS\ThymeleafPractice\src\test\resources
2025-05-07 16:47:14,302 [Worker-153: Building] INFO  o.a.m.s.f.DefaultMavenResourcesFiltering - Copying 1 resource from src\main\resources to target\classes
2025-05-07 16:47:14,315 [Worker-153: Building] INFO  o.a.m.s.f.DefaultMavenResourcesFiltering - Copying 6 resources from src\main\resources to target\classes
2025-05-07 16:47:14,322 [Worker-153: Building] INFO  o.a.m.s.f.DefaultMavenResourcesFiltering - skip non existing resourceDirectory C:\work\Github\202504\202504Class\STS\ThymeleafPractice\src\test\resources
2025-05-07 16:47:45,079 [Worker-154: Building] INFO  o.a.m.s.f.DefaultMavenResourcesFiltering - Copying 0 resource from src\main\resources to target\classes
2025-05-07 16:47:45,081 [Worker-154: Building] INFO  o.a.m.s.f.DefaultMavenResourcesFiltering - Copying 1 resource from src\main\resources to target\classes
2025-05-07 16:47:45,088 [Worker-154: Building] INFO  o.a.m.s.f.DefaultMavenResourcesFiltering - skip non existing resourceDirectory C:\work\Github\202504\202504Class\STS\ThymeleafPractice\src\test\resources
2025-05-07 16:48:22,863 [Worker-157: Building] INFO  o.a.m.s.f.DefaultMavenResourcesFiltering - Copying 0 resource from src\main\resources to target\classes
2025-05-07 16:48:22,865 [Worker-157: Building] INFO  o.a.m.s.f.DefaultMavenResourcesFiltering - Copying 1 resource from src\main\resources to target\classes
2025-05-07 16:48:22,872 [Worker-157: Building] INFO  o.a.m.s.f.DefaultMavenResourcesFiltering - skip non existing resourceDirectory C:\work\Github\202504\202504Class\STS\ThymeleafPractice\src\test\resources
2025-05-07 16:51:07,410 [Worker-153: Building] INFO  o.a.m.s.f.DefaultMavenResourcesFiltering - Copying 1 resource from src\main\resources to target\classes
2025-05-07 16:51:07,423 [Worker-153: Building] INFO  o.a.m.s.f.DefaultMavenResourcesFiltering - Copying 6 resources from src\main\resources to target\classes
2025-05-07 16:51:07,428 [Worker-153: Building] INFO  o.a.m.s.f.DefaultMavenResourcesFiltering - skip non existing resourceDirectory C:\work\Github\202504\202504Class\STS\ThymeleafPractice\src\test\resources
2025-05-07 16:51:54,236 [Worker-152: Building] INFO  o.a.m.s.f.DefaultMavenResourcesFiltering - Copying 0 resource from src\main\resources to target\classes
2025-05-07 16:51:54,237 [Worker-152: Building] INFO  o.a.m.s.f.DefaultMavenResourcesFiltering - Copying 1 resource from src\main\resources to target\classes
2025-05-07 16:51:54,242 [Worker-152: Building] INFO  o.a.m.s.f.DefaultMavenResourcesFiltering - skip non existing resourceDirectory C:\work\Github\202504\202504Class\STS\ThymeleafPractice\src\test\resources
2025-05-07 16:56:35,743 [Worker-159: Building] INFO  o.a.m.s.f.DefaultMavenResourcesFiltering - Copying 1 resource from src\main\resources to target\classes
2025-05-07 16:56:35,767 [Worker-159: Building] INFO  o.a.m.s.f.DefaultMavenResourcesFiltering - Copying 6 resources from src\main\resources to target\classes
2025-05-07 16:56:35,781 [Worker-159: Building] INFO  o.a.m.s.f.DefaultMavenResourcesFiltering - skip non existing resourceDirectory C:\work\Github\202504\202504Class\STS\ThymeleafPractice\src\test\resources
2025-05-08 08:17:19,502 [Worker-2: Loading available Gradle versions] INFO  o.e.b.c.i.u.g.PublishedGradleVersions - Gradle version information cache is up-to-date. Trying to read.
2025-05-08 09:29:19,287 [Worker-23: Import Getting Started Content] INFO  o.e.m.c.i.l.LifecycleMappingFactory - Using org.eclipse.m2e.jdt.JarLifecycleMapping lifecycle mapping for MavenProject: jpa.com:JpaPractice:0.0.1-SNAPSHOT @ C:\work\Github\202504\202504Class\STS\JpaPractice\pom.xml.
2025-05-08 09:29:19,759 [Worker-23: Import Getting Started Content] INFO  o.e.m.c.i.e.AbstractTransferListenerAdapter - Downloading https://repo.maven.apache.org/maven2/org/springframework/boot/spring-boot-starter-data-jpa/3.4.5/spring-boot-starter-data-jpa-3.4.5.pom
2025-05-08 09:29:19,786 [Worker-23: Import Getting Started Content] INFO  o.e.m.c.i.e.AbstractTransferListenerAdapter - Downloaded https://repo.maven.apache.org/maven2/org/springframework/boot/spring-boot-starter-data-jpa/3.4.5/spring-boot-starter-data-jpa-3.4.5.pom
2025-05-08 09:29:20,028 [Worker-23: Import Getting Started Content] INFO  o.e.m.c.i.e.AbstractTransferListenerAdapter - Downloading https://repo.maven.apache.org/maven2/org/springframework/boot/spring-boot-starter-jdbc/3.4.5/spring-boot-starter-jdbc-3.4.5.pom
2025-05-08 09:29:20,036 [Worker-23: Import Getting Started Content] INFO  o.e.m.c.i.e.AbstractTransferListenerAdapter - Downloaded https://repo.maven.apache.org/maven2/org/springframework/boot/spring-boot-starter-jdbc/3.4.5/spring-boot-starter-jdbc-3.4.5.pom
2025-05-08 09:29:20,075 [Worker-23: Import Getting Started Content] INFO  o.e.m.c.i.e.AbstractTransferListenerAdapter - Downloading https://repo.maven.apache.org/maven2/org/springframework/spring-jdbc/6.2.6/spring-jdbc-6.2.6.pom
2025-05-08 09:29:20,083 [Worker-23: Import Getting Started Content] INFO  o.e.m.c.i.e.AbstractTransferListenerAdapter - Downloaded https://repo.maven.apache.org/maven2/org/springframework/spring-jdbc/6.2.6/spring-jdbc-6.2.6.pom
2025-05-08 09:29:20,115 [Worker-23: Import Getting Started Content] INFO  o.e.m.c.i.e.AbstractTransferListenerAdapter - Downloading https://repo.maven.apache.org/maven2/org/springframework/spring-tx/6.2.6/spring-tx-6.2.6.pom
2025-05-08 09:29:20,123 [Worker-23: Import Getting Started Content] INFO  o.e.m.c.i.e.AbstractTransferListenerAdapter - Downloaded https://repo.maven.apache.org/maven2/org/springframework/spring-tx/6.2.6/spring-tx-6.2.6.pom
2025-05-08 09:29:20,156 [Worker-23: Import Getting Started Content] INFO  o.e.m.c.i.e.AbstractTransferListenerAdapter - Downloading https://repo.maven.apache.org/maven2/org/hibernate/orm/hibernate-core/6.6.13.Final/hibernate-core-6.6.13.Final.pom
2025-05-08 09:29:20,165 [Worker-23: Import Getting Started Content] INFO  o.e.m.c.i.e.AbstractTransferListenerAdapter - Downloaded https://repo.maven.apache.org/maven2/org/hibernate/orm/hibernate-core/6.6.13.Final/hibernate-core-6.6.13.Final.pom
2025-05-08 09:29:20,431 [Worker-23: Import Getting Started Content] INFO  o.e.m.c.i.e.AbstractTransferListenerAdapter - Downloading https://repo.maven.apache.org/maven2/org/springframework/data/spring-data-jpa/3.4.5/spring-data-jpa-3.4.5.pom
2025-05-08 09:29:20,449 [Worker-23: Import Getting Started Content] INFO  o.e.m.c.i.e.AbstractTransferListenerAdapter - Downloaded https://repo.maven.apache.org/maven2/org/springframework/data/spring-data-jpa/3.4.5/spring-data-jpa-3.4.5.pom
2025-05-08 09:29:20,481 [Worker-23: Import Getting Started Content] INFO  o.e.m.c.i.e.AbstractTransferListenerAdapter - Downloading https://repo.maven.apache.org/maven2/org/springframework/data/spring-data-jpa-parent/3.4.5/spring-data-jpa-parent-3.4.5.pom
2025-05-08 09:29:20,488 [Worker-23: Import Getting Started Content] INFO  o.e.m.c.i.e.AbstractTransferListenerAdapter - Downloaded https://repo.maven.apache.org/maven2/org/springframework/data/spring-data-jpa-parent/3.4.5/spring-data-jpa-parent-3.4.5.pom
2025-05-08 09:29:20,527 [Worker-23: Import Getting Started Content] INFO  o.e.m.c.i.e.AbstractTransferListenerAdapter - Downloading https://repo.maven.apache.org/maven2/org/springframework/data/build/spring-data-parent/3.4.5/spring-data-parent-3.4.5.pom
2025-05-08 09:29:20,549 [Worker-23: Import Getting Started Content] INFO  o.e.m.c.i.e.AbstractTransferListenerAdapter - Downloaded https://repo.maven.apache.org/maven2/org/springframework/data/build/spring-data-parent/3.4.5/spring-data-parent-3.4.5.pom
2025-05-08 09:29:20,589 [Worker-23: Import Getting Started Content] INFO  o.e.m.c.i.e.AbstractTransferListenerAdapter - Downloading https://repo.maven.apache.org/maven2/org/springframework/data/build/spring-data-build/3.4.5/spring-data-build-3.4.5.pom
2025-05-08 09:29:20,598 [Worker-23: Import Getting Started Content] INFO  o.e.m.c.i.e.AbstractTransferListenerAdapter - Downloaded https://repo.maven.apache.org/maven2/org/springframework/data/build/spring-data-build/3.4.5/spring-data-build-3.4.5.pom
2025-05-08 09:29:20,675 [Worker-23: Import Getting Started Content] INFO  o.e.m.c.i.e.AbstractTransferListenerAdapter - Downloading https://repo.maven.apache.org/maven2/org/springframework/data/spring-data-commons/3.4.5/spring-data-commons-3.4.5.pom
2025-05-08 09:29:20,686 [Worker-23: Import Getting Started Content] INFO  o.e.m.c.i.e.AbstractTransferListenerAdapter - Downloaded https://repo.maven.apache.org/maven2/org/springframework/data/spring-data-commons/3.4.5/spring-data-commons-3.4.5.pom
2025-05-08 09:29:20,719 [Worker-23: Import Getting Started Content] INFO  o.e.m.c.i.e.AbstractTransferListenerAdapter - Downloading https://repo.maven.apache.org/maven2/org/springframework/spring-orm/6.2.6/spring-orm-6.2.6.pom
2025-05-08 09:29:20,726 [Worker-23: Import Getting Started Content] INFO  o.e.m.c.i.e.AbstractTransferListenerAdapter - Downloaded https://repo.maven.apache.org/maven2/org/springframework/spring-orm/6.2.6/spring-orm-6.2.6.pom
2025-05-08 09:29:20,761 [Worker-23: Import Getting Started Content] INFO  o.e.m.c.i.e.AbstractTransferListenerAdapter - Downloading https://repo.maven.apache.org/maven2/org/springframework/spring-aspects/6.2.6/spring-aspects-6.2.6.pom
2025-05-08 09:29:20,767 [Worker-23: Import Getting Started Content] INFO  o.e.m.c.i.e.AbstractTransferListenerAdapter - Downloaded https://repo.maven.apache.org/maven2/org/springframework/spring-aspects/6.2.6/spring-aspects-6.2.6.pom
2025-05-08 09:29:20,797 [Worker-23: Import Getting Started Content] INFO  o.e.m.c.i.e.AbstractTransferListenerAdapter - Downloading https://repo.maven.apache.org/maven2/org/aspectj/aspectjweaver/1.9.24/aspectjweaver-1.9.24.pom
2025-05-08 09:29:20,811 [Worker-23: Import Getting Started Content] INFO  o.e.m.c.i.e.AbstractTransferListenerAdapter - Downloaded https://repo.maven.apache.org/maven2/org/aspectj/aspectjweaver/1.9.24/aspectjweaver-1.9.24.pom
2025-05-08 09:29:20,996 [Worker-23: Import Getting Started Content] INFO  o.e.m.c.i.e.AbstractTransferListenerAdapter - Downloading https://repo.maven.apache.org/maven2/org/postgresql/postgresql/42.7.5/postgresql-42.7.5.pom
2025-05-08 09:29:21,003 [Worker-23: Import Getting Started Content] INFO  o.e.m.c.i.e.AbstractTransferListenerAdapter - Downloaded https://repo.maven.apache.org/maven2/org/postgresql/postgresql/42.7.5/postgresql-42.7.5.pom
2025-05-08 09:29:21,030 [Worker-23: Import Getting Started Content] INFO  o.e.m.c.i.e.AbstractTransferListenerAdapter - Downloading https://repo.maven.apache.org/maven2/org/checkerframework/checker-qual/3.48.3/checker-qual-3.48.3.pom
2025-05-08 09:29:21,036 [Worker-23: Import Getting Started Content] INFO  o.e.m.c.i.e.AbstractTransferListenerAdapter - Downloaded https://repo.maven.apache.org/maven2/org/checkerframework/checker-qual/3.48.3/checker-qual-3.48.3.pom
2025-05-08 09:29:21,404 [Worker-23: Import Getting Started Content] INFO  o.e.m.c.i.e.AbstractTransferListenerAdapter - Downloading https://repo.maven.apache.org/maven2/org/springframework/boot/spring-boot-starter-data-jpa/3.4.5/spring-boot-starter-data-jpa-3.4.5.jar
2025-05-08 09:29:21,412 [Worker-23: Import Getting Started Content] INFO  o.e.m.c.i.e.AbstractTransferListenerAdapter - Downloaded https://repo.maven.apache.org/maven2/org/springframework/boot/spring-boot-starter-data-jpa/3.4.5/spring-boot-starter-data-jpa-3.4.5.jar
2025-05-08 09:29:21,437 [BasicRepositoryConnector-repo.maven.apache.org-0-2] INFO  o.e.m.c.i.e.AbstractTransferListenerAdapter - Downloading https://repo.maven.apache.org/maven2/org/hibernate/orm/hibernate-core/6.6.13.Final/hibernate-core-6.6.13.Final.jar
2025-05-08 09:29:21,480 [BasicRepositoryConnector-repo.maven.apache.org-0-0] INFO  o.e.m.c.i.e.AbstractTransferListenerAdapter - Downloading https://repo.maven.apache.org/maven2/org/springframework/boot/spring-boot-starter-jdbc/3.4.5/spring-boot-starter-jdbc-3.4.5.jar
2025-05-08 09:29:21,483 [BasicRepositoryConnector-repo.maven.apache.org-0-4] INFO  o.e.m.c.i.e.AbstractTransferListenerAdapter - Downloading https://repo.maven.apache.org/maven2/org/springframework/data/spring-data-commons/3.4.5/spring-data-commons-3.4.5.jar
2025-05-08 09:29:21,483 [BasicRepositoryConnector-repo.maven.apache.org-0-1] INFO  o.e.m.c.i.e.AbstractTransferListenerAdapter - Downloading https://repo.maven.apache.org/maven2/org/springframework/spring-jdbc/6.2.6/spring-jdbc-6.2.6.jar
2025-05-08 09:29:21,494 [BasicRepositoryConnector-repo.maven.apache.org-0-0] INFO  o.e.m.c.i.e.AbstractTransferListenerAdapter - Downloaded https://repo.maven.apache.org/maven2/org/springframework/boot/spring-boot-starter-jdbc/3.4.5/spring-boot-starter-jdbc-3.4.5.jar
2025-05-08 09:29:21,506 [BasicRepositoryConnector-repo.maven.apache.org-0-3] INFO  o.e.m.c.i.e.AbstractTransferListenerAdapter - Downloading https://repo.maven.apache.org/maven2/org/springframework/data/spring-data-jpa/3.4.5/spring-data-jpa-3.4.5.jar
2025-05-08 09:29:21,541 [BasicRepositoryConnector-repo.maven.apache.org-0-0] INFO  o.e.m.c.i.e.AbstractTransferListenerAdapter - Downloading https://repo.maven.apache.org/maven2/org/springframework/spring-orm/6.2.6/spring-orm-6.2.6.jar
2025-05-08 09:29:21,686 [BasicRepositoryConnector-repo.maven.apache.org-0-0] INFO  o.e.m.c.i.e.AbstractTransferListenerAdapter - Downloaded https://repo.maven.apache.org/maven2/org/springframework/spring-orm/6.2.6/spring-orm-6.2.6.jar
2025-05-08 09:29:21,727 [BasicRepositoryConnector-repo.maven.apache.org-0-0] INFO  o.e.m.c.i.e.AbstractTransferListenerAdapter - Downloading https://repo.maven.apache.org/maven2/org/springframework/spring-tx/6.2.6/spring-tx-6.2.6.jar
2025-05-08 09:29:21,748 [BasicRepositoryConnector-repo.maven.apache.org-0-1] INFO  o.e.m.c.i.e.AbstractTransferListenerAdapter - Downloaded https://repo.maven.apache.org/maven2/org/springframework/spring-jdbc/6.2.6/spring-jdbc-6.2.6.jar
2025-05-08 09:29:21,788 [BasicRepositoryConnector-repo.maven.apache.org-0-1] INFO  o.e.m.c.i.e.AbstractTransferListenerAdapter - Downloading https://repo.maven.apache.org/maven2/org/springframework/spring-aspects/6.2.6/spring-aspects-6.2.6.jar
2025-05-08 09:29:21,814 [BasicRepositoryConnector-repo.maven.apache.org-0-1] INFO  o.e.m.c.i.e.AbstractTransferListenerAdapter - Downloaded https://repo.maven.apache.org/maven2/org/springframework/spring-aspects/6.2.6/spring-aspects-6.2.6.jar
2025-05-08 09:29:21,857 [BasicRepositoryConnector-repo.maven.apache.org-0-1] INFO  o.e.m.c.i.e.AbstractTransferListenerAdapter - Downloading https://repo.maven.apache.org/maven2/org/aspectj/aspectjweaver/1.9.24/aspectjweaver-1.9.24.jar
2025-05-08 09:29:21,885 [BasicRepositoryConnector-repo.maven.apache.org-0-0] INFO  o.e.m.c.i.e.AbstractTransferListenerAdapter - Downloaded https://repo.maven.apache.org/maven2/org/springframework/spring-tx/6.2.6/spring-tx-6.2.6.jar
2025-05-08 09:29:21,923 [BasicRepositoryConnector-repo.maven.apache.org-0-0] INFO  o.e.m.c.i.e.AbstractTransferListenerAdapter - Downloading https://repo.maven.apache.org/maven2/org/postgresql/postgresql/42.7.5/postgresql-42.7.5.jar
2025-05-08 09:29:22,166 [BasicRepositoryConnector-repo.maven.apache.org-0-3] INFO  o.e.m.c.i.e.AbstractTransferListenerAdapter - Downloaded https://repo.maven.apache.org/maven2/org/springframework/data/spring-data-jpa/3.4.5/spring-data-jpa-3.4.5.jar
2025-05-08 09:29:22,193 [BasicRepositoryConnector-repo.maven.apache.org-0-4] INFO  o.e.m.c.i.e.AbstractTransferListenerAdapter - Downloaded https://repo.maven.apache.org/maven2/org/springframework/data/spring-data-commons/3.4.5/spring-data-commons-3.4.5.jar
2025-05-08 09:29:22,440 [BasicRepositoryConnector-repo.maven.apache.org-0-0] INFO  o.e.m.c.i.e.AbstractTransferListenerAdapter - Downloaded https://repo.maven.apache.org/maven2/org/postgresql/postgresql/42.7.5/postgresql-42.7.5.jar
2025-05-08 09:29:22,446 [BasicRepositoryConnector-repo.maven.apache.org-0-3] INFO  o.e.m.c.i.e.AbstractTransferListenerAdapter - Downloading https://repo.maven.apache.org/maven2/org/checkerframework/checker-qual/3.48.3/checker-qual-3.48.3.jar
2025-05-08 09:29:22,529 [BasicRepositoryConnector-repo.maven.apache.org-0-3] INFO  o.e.m.c.i.e.AbstractTransferListenerAdapter - Downloaded https://repo.maven.apache.org/maven2/org/checkerframework/checker-qual/3.48.3/checker-qual-3.48.3.jar
2025-05-08 09:29:22,548 [BasicRepositoryConnector-repo.maven.apache.org-0-2] INFO  o.e.m.c.i.e.AbstractTransferListenerAdapter - Downloaded https://repo.maven.apache.org/maven2/org/hibernate/orm/hibernate-core/6.6.13.Final/hibernate-core-6.6.13.Final.jar
2025-05-08 09:29:22,581 [BasicRepositoryConnector-repo.maven.apache.org-0-1] INFO  o.e.m.c.i.e.AbstractTransferListenerAdapter - Downloaded https://repo.maven.apache.org/maven2/org/aspectj/aspectjweaver/1.9.24/aspectjweaver-1.9.24.jar
2025-05-08 09:29:24,346 [Worker-23: Import Getting Started Content] INFO  o.e.m.j.i.AbstractJavaProjectConfigurator - Adding source folder /JpaPractice/src/main/java
2025-05-08 09:29:24,349 [Worker-23: Import Getting Started Content] INFO  o.e.m.j.i.AbstractJavaProjectConfigurator - Adding resource folder /JpaPractice/src/main/resources
2025-05-08 09:29:24,357 [Worker-23: Import Getting Started Content] INFO  o.e.m.j.i.AbstractJavaProjectConfigurator - Adding resource folder /JpaPractice/src/main/resources
2025-05-08 09:29:24,365 [Worker-23: Import Getting Started Content] INFO  o.e.m.j.i.AbstractJavaProjectConfigurator - Adding source folder /JpaPractice/src/test/java
2025-05-08 09:29:24,369 [Worker-23: Import Getting Started Content] INFO  o.e.m.j.i.AbstractJavaProjectConfigurator - Adding resource folder /JpaPractice/src/test/resources
2025-05-08 09:29:24,839 [Worker-27: Download sources and javadoc] INFO  o.e.m.c.i.e.AbstractTransferListenerAdapter - Downloading https://repo.maven.apache.org/maven2/org/springframework/boot/spring-boot-starter-data-jpa/3.4.5/spring-boot-starter-data-jpa-3.4.5-sources.jar
2025-05-08 09:29:24,849 [Worker-27: Download sources and javadoc] INFO  o.e.m.c.i.e.AbstractTransferListenerAdapter - Downloaded https://repo.maven.apache.org/maven2/org/springframework/boot/spring-boot-starter-data-jpa/3.4.5/spring-boot-starter-data-jpa-3.4.5-sources.jar
2025-05-08 09:29:24,856 [Worker-27: Download sources and javadoc] INFO  o.e.m.j.internal.DownloadSourcesJob - Downloaded sources for org.springframework.boot:spring-boot-starter-data-jpa:3.4.5
2025-05-08 09:29:24,934 [Worker-27: Download sources and javadoc] INFO  o.e.m.c.i.e.AbstractTransferListenerAdapter - Downloading https://repo.maven.apache.org/maven2/org/springframework/boot/spring-boot-starter-jdbc/3.4.5/spring-boot-starter-jdbc-3.4.5-sources.jar
2025-05-08 09:29:24,940 [Worker-27: Download sources and javadoc] INFO  o.e.m.c.i.e.AbstractTransferListenerAdapter - Downloaded https://repo.maven.apache.org/maven2/org/springframework/boot/spring-boot-starter-jdbc/3.4.5/spring-boot-starter-jdbc-3.4.5-sources.jar
2025-05-08 09:29:24,945 [Worker-27: Download sources and javadoc] INFO  o.e.m.j.internal.DownloadSourcesJob - Downloaded sources for org.springframework.boot:spring-boot-starter-jdbc:3.4.5
2025-05-08 09:29:25,028 [Worker-27: Download sources and javadoc] INFO  o.e.m.c.i.e.AbstractTransferListenerAdapter - Downloading https://repo.maven.apache.org/maven2/org/springframework/spring-jdbc/6.2.6/spring-jdbc-6.2.6-sources.jar
2025-05-08 09:29:25,105 [Worker-27: Download sources and javadoc] INFO  o.e.m.c.i.e.AbstractTransferListenerAdapter - Downloaded https://repo.maven.apache.org/maven2/org/springframework/spring-jdbc/6.2.6/spring-jdbc-6.2.6-sources.jar
2025-05-08 09:29:25,111 [Worker-27: Download sources and javadoc] INFO  o.e.m.j.internal.DownloadSourcesJob - Downloaded sources for org.springframework:spring-jdbc:6.2.6
2025-05-08 09:29:25,186 [Worker-27: Download sources and javadoc] INFO  o.e.m.c.i.e.AbstractTransferListenerAdapter - Downloading https://repo.maven.apache.org/maven2/org/hibernate/orm/hibernate-core/6.6.13.Final/hibernate-core-6.6.13.Final-sources.jar
2025-05-08 09:29:25,231 [Worker-23: Import Getting Started Content] INFO  o.e.m.c.i.p.ProjectConfigurationManager - Imported and configured 1 project(s) in 8 sec
2025-05-08 09:29:25,240 [Worker-23: Import Getting Started Content] INFO  o.e.m.c.i.p.ProjectConfigurationManager - Update started
2025-05-08 09:29:25,726 [Worker-27: Download sources and javadoc] INFO  o.e.m.c.i.e.AbstractTransferListenerAdapter - Downloaded https://repo.maven.apache.org/maven2/org/hibernate/orm/hibernate-core/6.6.13.Final/hibernate-core-6.6.13.Final-sources.jar
2025-05-08 09:29:25,738 [Worker-27: Download sources and javadoc] INFO  o.e.m.j.internal.DownloadSourcesJob - Downloaded sources for org.hibernate.orm:hibernate-core:6.6.13.Final
2025-05-08 09:29:27,280 [Worker-27: Download sources and javadoc] INFO  o.e.m.c.i.e.AbstractTransferListenerAdapter - Downloading https://repo.maven.apache.org/maven2/org/springframework/data/spring-data-jpa/3.4.5/spring-data-jpa-3.4.5-sources.jar
2025-05-08 09:29:27,294 [Worker-23: Import Getting Started Content] INFO  o.e.m.c.i.l.LifecycleMappingFactory - Using org.eclipse.m2e.jdt.JarLifecycleMapping lifecycle mapping for MavenProject: jpa.com:JpaPractice:0.0.1-SNAPSHOT @ C:\work\Github\202504\202504Class\STS\JpaPractice\pom.xml.
2025-05-08 09:29:27,377 [Worker-27: Download sources and javadoc] INFO  o.e.m.c.i.e.AbstractTransferListenerAdapter - Downloaded https://repo.maven.apache.org/maven2/org/springframework/data/spring-data-jpa/3.4.5/spring-data-jpa-3.4.5-sources.jar
2025-05-08 09:29:27,385 [Worker-27: Download sources and javadoc] INFO  o.e.m.j.internal.DownloadSourcesJob - Downloaded sources for org.springframework.data:spring-data-jpa:3.4.5
2025-05-08 09:29:27,478 [Worker-27: Download sources and javadoc] INFO  o.e.m.c.i.e.AbstractTransferListenerAdapter - Downloading https://repo.maven.apache.org/maven2/org/springframework/data/spring-data-commons/3.4.5/spring-data-commons-3.4.5-sources.jar
2025-05-08 09:29:27,641 [Worker-27: Download sources and javadoc] INFO  o.e.m.c.i.e.AbstractTransferListenerAdapter - Downloaded https://repo.maven.apache.org/maven2/org/springframework/data/spring-data-commons/3.4.5/spring-data-commons-3.4.5-sources.jar
2025-05-08 09:29:27,651 [Worker-27: Download sources and javadoc] INFO  o.e.m.j.internal.DownloadSourcesJob - Downloaded sources for org.springframework.data:spring-data-commons:3.4.5
2025-05-08 09:29:27,733 [Worker-27: Download sources and javadoc] INFO  o.e.m.c.i.e.AbstractTransferListenerAdapter - Downloading https://repo.maven.apache.org/maven2/org/springframework/spring-orm/6.2.6/spring-orm-6.2.6-sources.jar
2025-05-08 09:29:27,779 [Worker-27: Download sources and javadoc] INFO  o.e.m.c.i.e.AbstractTransferListenerAdapter - Downloaded https://repo.maven.apache.org/maven2/org/springframework/spring-orm/6.2.6/spring-orm-6.2.6-sources.jar
2025-05-08 09:29:27,789 [Worker-27: Download sources and javadoc] INFO  o.e.m.j.internal.DownloadSourcesJob - Downloaded sources for org.springframework:spring-orm:6.2.6
2025-05-08 09:29:27,910 [Worker-27: Download sources and javadoc] INFO  o.e.m.c.i.e.AbstractTransferListenerAdapter - Downloading https://repo.maven.apache.org/maven2/org/springframework/spring-tx/6.2.6/spring-tx-6.2.6-sources.jar
2025-05-08 09:29:28,100 [Worker-27: Download sources and javadoc] INFO  o.e.m.c.i.e.AbstractTransferListenerAdapter - Downloaded https://repo.maven.apache.org/maven2/org/springframework/spring-tx/6.2.6/spring-tx-6.2.6-sources.jar
2025-05-08 09:29:28,106 [Worker-27: Download sources and javadoc] INFO  o.e.m.j.internal.DownloadSourcesJob - Downloaded sources for org.springframework:spring-tx:6.2.6
2025-05-08 09:29:28,180 [Worker-27: Download sources and javadoc] INFO  o.e.m.c.i.e.AbstractTransferListenerAdapter - Downloading https://repo.maven.apache.org/maven2/org/springframework/spring-aspects/6.2.6/spring-aspects-6.2.6-sources.jar
2025-05-08 09:29:28,190 [Worker-27: Download sources and javadoc] INFO  o.e.m.c.i.e.AbstractTransferListenerAdapter - Downloaded https://repo.maven.apache.org/maven2/org/springframework/spring-aspects/6.2.6/spring-aspects-6.2.6-sources.jar
2025-05-08 09:29:28,199 [Worker-27: Download sources and javadoc] INFO  o.e.m.j.internal.DownloadSourcesJob - Downloaded sources for org.springframework:spring-aspects:6.2.6
2025-05-08 09:29:28,269 [Worker-27: Download sources and javadoc] INFO  o.e.m.c.i.e.AbstractTransferListenerAdapter - Downloading https://repo.maven.apache.org/maven2/org/aspectj/aspectjweaver/1.9.24/aspectjweaver-1.9.24-sources.jar
2025-05-08 09:29:28,428 [Worker-27: Download sources and javadoc] INFO  o.e.m.c.i.e.AbstractTransferListenerAdapter - Downloaded https://repo.maven.apache.org/maven2/org/aspectj/aspectjweaver/1.9.24/aspectjweaver-1.9.24-sources.jar
2025-05-08 09:29:28,437 [Worker-27: Download sources and javadoc] INFO  o.e.m.j.internal.DownloadSourcesJob - Downloaded sources for org.aspectj:aspectjweaver:1.9.24
2025-05-08 09:29:28,510 [Worker-27: Download sources and javadoc] INFO  o.e.m.c.i.e.AbstractTransferListenerAdapter - Downloading https://repo.maven.apache.org/maven2/org/postgresql/postgresql/42.7.5/postgresql-42.7.5-sources.jar
2025-05-08 09:29:28,627 [Worker-27: Download sources and javadoc] INFO  o.e.m.c.i.e.AbstractTransferListenerAdapter - Downloaded https://repo.maven.apache.org/maven2/org/postgresql/postgresql/42.7.5/postgresql-42.7.5-sources.jar
2025-05-08 09:29:28,629 [Worker-23: Import Getting Started Content] INFO  o.e.m.j.i.AbstractJavaProjectConfigurator - Adding source folder /JpaPractice/src/main/java
2025-05-08 09:29:28,630 [Worker-23: Import Getting Started Content] INFO  o.e.m.j.i.AbstractJavaProjectConfigurator - Adding resource folder /JpaPractice/src/main/resources
2025-05-08 09:29:28,634 [Worker-23: Import Getting Started Content] INFO  o.e.m.j.i.AbstractJavaProjectConfigurator - Adding resource folder /JpaPractice/src/main/resources
2025-05-08 09:29:28,635 [Worker-27: Download sources and javadoc] INFO  o.e.m.j.internal.DownloadSourcesJob - Downloaded sources for org.postgresql:postgresql:42.7.5
2025-05-08 09:29:28,636 [Worker-23: Import Getting Started Content] INFO  o.e.m.j.i.AbstractJavaProjectConfigurator - Adding source folder /JpaPractice/src/test/java
2025-05-08 09:29:28,640 [Worker-23: Import Getting Started Content] INFO  o.e.m.j.i.AbstractJavaProjectConfigurator - Adding resource folder /JpaPractice/src/test/resources
2025-05-08 09:29:28,712 [Worker-27: Download sources and javadoc] INFO  o.e.m.c.i.e.AbstractTransferListenerAdapter - Downloading https://repo.maven.apache.org/maven2/org/checkerframework/checker-qual/3.48.3/checker-qual-3.48.3-sources.jar
2025-05-08 09:29:28,779 [Worker-27: Download sources and javadoc] INFO  o.e.m.c.i.e.AbstractTransferListenerAdapter - Downloaded https://repo.maven.apache.org/maven2/org/checkerframework/checker-qual/3.48.3/checker-qual-3.48.3-sources.jar
2025-05-08 09:29:28,784 [Worker-27: Download sources and javadoc] INFO  o.e.m.j.internal.DownloadSourcesJob - Downloaded sources for org.checkerframework:checker-qual:3.48.3
2025-05-08 09:29:29,344 [Worker-23: Import Getting Started Content] INFO  o.e.m.c.i.p.ProjectConfigurationManager - Update completed for 1 poms: local refresh takes 0.00 sec, refresh facades takes 3.00 sec, update config takes 0.00 sec 
2025-05-08 09:29:30,752 [Worker-25: Building] INFO  o.a.m.s.f.DefaultMavenResourcesFiltering - Copying 1 resource from src\main\resources to target\classes
2025-05-08 09:29:30,819 [Worker-25: Building] INFO  o.a.m.s.f.DefaultMavenResourcesFiltering - Copying 0 resource from src\main\resources to target\classes
2025-05-08 09:29:30,826 [Worker-25: Building] INFO  o.a.m.s.f.DefaultMavenResourcesFiltering - skip non existing resourceDirectory C:\work\Github\202504\202504Class\STS\JpaPractice\src\test\resources
2025-05-08 10:06:18,195 [Worker-37: Building] INFO  o.a.m.s.f.DefaultMavenResourcesFiltering - Copying 1 resource from src\main\resources to target\classes
2025-05-08 10:06:18,282 [Worker-37: Building] INFO  o.a.m.s.f.DefaultMavenResourcesFiltering - Copying 0 resource from src\main\resources to target\classes
2025-05-08 10:06:18,288 [Worker-37: Building] INFO  o.a.m.s.f.DefaultMavenResourcesFiltering - skip non existing resourceDirectory C:\work\Github\202504\202504Class\STS\JpaPractice\src\test\resources
2025-05-08 10:07:52,127 [Worker-37: Building] INFO  o.a.m.s.f.DefaultMavenResourcesFiltering - Copying 1 resource from src\main\resources to target\classes
2025-05-08 10:07:52,148 [Worker-37: Building] INFO  o.a.m.s.f.DefaultMavenResourcesFiltering - Copying 0 resource from src\main\resources to target\classes
2025-05-08 10:07:52,157 [Worker-37: Building] INFO  o.a.m.s.f.DefaultMavenResourcesFiltering - skip non existing resourceDirectory C:\work\Github\202504\202504Class\STS\JpaPractice\src\test\resources
2025-05-08 10:14:19,625 [Worker-42: Building] INFO  o.a.m.s.f.DefaultMavenResourcesFiltering - Copying 1 resource from src\main\resources to target\classes
2025-05-08 10:14:19,731 [Worker-42: Building] INFO  o.a.m.s.f.DefaultMavenResourcesFiltering - Copying 0 resource from src\main\resources to target\classes
2025-05-08 10:14:19,743 [Worker-42: Building] INFO  o.a.m.s.f.DefaultMavenResourcesFiltering - skip non existing resourceDirectory C:\work\Github\202504\202504Class\STS\JpaPractice\src\test\resources
2025-05-08 10:21:39,522 [Worker-48: Building] INFO  o.a.m.s.f.DefaultMavenResourcesFiltering - Copying 1 resource from src\main\resources to target\classes
2025-05-08 10:21:39,536 [Worker-48: Building] INFO  o.a.m.s.f.DefaultMavenResourcesFiltering - Copying 0 resource from src\main\resources to target\classes
2025-05-08 10:21:39,541 [Worker-48: Building] INFO  o.a.m.s.f.DefaultMavenResourcesFiltering - skip non existing resourceDirectory C:\work\Github\202504\202504Class\STS\JpaPractice\src\test\resources
2025-05-08 10:28:53,887 [Worker-44: Building] INFO  o.a.m.s.f.DefaultMavenResourcesFiltering - Copying 1 resource from src\main\resources to target\classes
2025-05-08 10:28:53,901 [Worker-44: Building] INFO  o.a.m.s.f.DefaultMavenResourcesFiltering - Copying 0 resource from src\main\resources to target\classes
2025-05-08 10:28:53,927 [Worker-44: Building] INFO  o.a.m.s.f.DefaultMavenResourcesFiltering - skip non existing resourceDirectory C:\work\Github\202504\202504Class\STS\JpaPractice\src\test\resources
2025-05-08 10:38:56,855 [Worker-58: Building] INFO  o.a.m.s.f.DefaultMavenResourcesFiltering - Copying 1 resource from src\main\resources to target\classes
2025-05-08 10:38:56,875 [Worker-58: Building] INFO  o.a.m.s.f.DefaultMavenResourcesFiltering - Copying 0 resource from src\main\resources to target\classes
2025-05-08 10:38:56,882 [Worker-58: Building] INFO  o.a.m.s.f.DefaultMavenResourcesFiltering - skip non existing resourceDirectory C:\work\Github\202504\202504Class\STS\JpaPractice\src\test\resources
2025-05-08 10:40:41,011 [Worker-61: Building] INFO  o.a.m.s.f.DefaultMavenResourcesFiltering - Copying 1 resource from src\main\resources to target\classes
2025-05-08 10:40:41,023 [Worker-61: Building] INFO  o.a.m.s.f.DefaultMavenResourcesFiltering - Copying 0 resource from src\main\resources to target\classes
2025-05-08 10:40:41,029 [Worker-61: Building] INFO  o.a.m.s.f.DefaultMavenResourcesFiltering - skip non existing resourceDirectory C:\work\Github\202504\202504Class\STS\JpaPractice\src\test\resources
2025-05-08 10:50:56,578 [Worker-68: Building] INFO  o.a.m.s.f.DefaultMavenResourcesFiltering - Copying 1 resource from src\main\resources to target\classes
2025-05-08 10:50:56,602 [Worker-68: Building] INFO  o.a.m.s.f.DefaultMavenResourcesFiltering - Copying 0 resource from src\main\resources to target\classes
2025-05-08 10:50:56,606 [Worker-68: Building] INFO  o.a.m.s.f.DefaultMavenResourcesFiltering - skip non existing resourceDirectory C:\work\Github\202504\202504Class\STS\JpaPractice\src\test\resources
2025-05-08 10:54:00,296 [Worker-70: Building] INFO  o.a.m.s.f.DefaultMavenResourcesFiltering - Copying 1 resource from src\main\resources to target\classes
2025-05-08 10:54:00,306 [Worker-70: Building] INFO  o.a.m.s.f.DefaultMavenResourcesFiltering - Copying 0 resource from src\main\resources to target\classes
2025-05-08 10:54:00,315 [Worker-70: Building] INFO  o.a.m.s.f.DefaultMavenResourcesFiltering - skip non existing resourceDirectory C:\work\Github\202504\202504Class\STS\JpaPractice\src\test\resources
2025-05-08 11:11:50,324 [Worker-71: Building] INFO  o.a.m.s.f.DefaultMavenResourcesFiltering - Copying 1 resource from src\main\resources to target\classes
2025-05-08 11:11:50,364 [Worker-71: Building] INFO  o.a.m.s.f.DefaultMavenResourcesFiltering - Copying 0 resource from src\main\resources to target\classes
2025-05-08 11:11:50,375 [Worker-71: Building] INFO  o.a.m.s.f.DefaultMavenResourcesFiltering - skip non existing resourceDirectory C:\work\Github\202504\202504Class\STS\JpaPractice\src\test\resources
2025-05-08 11:13:42,509 [Worker-72: Building] INFO  o.a.m.s.f.DefaultMavenResourcesFiltering - Copying 1 resource from src\main\resources to target\classes
2025-05-08 11:13:42,582 [Worker-72: Building] INFO  o.a.m.s.f.DefaultMavenResourcesFiltering - Copying 0 resource from src\main\resources to target\classes
2025-05-08 11:13:42,590 [Worker-72: Building] INFO  o.a.m.s.f.DefaultMavenResourcesFiltering - skip non existing resourceDirectory C:\work\Github\202504\202504Class\STS\JpaPractice\src\test\resources
2025-05-08 11:19:35,658 [Worker-72: Building] INFO  o.a.m.s.f.DefaultMavenResourcesFiltering - Copying 0 resource from src\main\resources to target\classes
2025-05-08 11:19:35,659 [Worker-72: Building] INFO  o.a.m.s.f.DefaultMavenResourcesFiltering - Copying 2 resources from src\main\resources to target\classes
2025-05-08 11:19:35,675 [Worker-72: Building] INFO  o.a.m.s.f.DefaultMavenResourcesFiltering - skip non existing resourceDirectory C:\work\Github\202504\202504Class\STS\JpaPractice\src\test\resources
2025-05-08 11:19:47,226 [Worker-74: Building] INFO  o.a.m.s.f.DefaultMavenResourcesFiltering - Copying 0 resource from src\main\resources to target\classes
2025-05-08 11:19:47,229 [Worker-74: Building] INFO  o.a.m.s.f.DefaultMavenResourcesFiltering - Copying 3 resources from src\main\resources to target\classes
2025-05-08 11:19:47,244 [Worker-74: Building] INFO  o.a.m.s.f.DefaultMavenResourcesFiltering - skip non existing resourceDirectory C:\work\Github\202504\202504Class\STS\JpaPractice\src\test\resources
2025-05-08 11:21:21,685 [Worker-68: Building] INFO  o.a.m.s.f.DefaultMavenResourcesFiltering - Copying 0 resource from src\main\resources to target\classes
2025-05-08 11:21:21,687 [Worker-68: Building] INFO  o.a.m.s.f.DefaultMavenResourcesFiltering - Copying 1 resource from src\main\resources to target\classes
2025-05-08 11:21:21,693 [Worker-68: Building] INFO  o.a.m.s.f.DefaultMavenResourcesFiltering - skip non existing resourceDirectory C:\work\Github\202504\202504Class\STS\JpaPractice\src\test\resources
2025-05-08 11:28:28,991 [Worker-79: Building] INFO  o.a.m.s.f.DefaultMavenResourcesFiltering - Copying 1 resource from src\main\resources to target\classes
2025-05-08 11:28:29,001 [Worker-79: Building] INFO  o.a.m.s.f.DefaultMavenResourcesFiltering - Copying 5 resources from src\main\resources to target\classes
2025-05-08 11:28:29,007 [Worker-79: Building] INFO  o.a.m.s.f.DefaultMavenResourcesFiltering - skip non existing resourceDirectory C:\work\Github\202504\202504Class\STS\JpaPractice\src\test\resources
2025-05-08 11:48:06,821 [Worker-86: Building] INFO  o.a.m.s.f.DefaultMavenResourcesFiltering - Copying 0 resource from src\main\resources to target\classes
2025-05-08 11:48:06,823 [Worker-86: Building] INFO  o.a.m.s.f.DefaultMavenResourcesFiltering - Copying 1 resource from src\main\resources to target\classes
2025-05-08 11:48:06,829 [Worker-86: Building] INFO  o.a.m.s.f.DefaultMavenResourcesFiltering - skip non existing resourceDirectory C:\work\Github\202504\202504Class\STS\JpaPractice\src\test\resources
2025-05-08 11:58:10,033 [Worker-93: Building] INFO  o.a.m.s.f.DefaultMavenResourcesFiltering - Copying 1 resource from src\main\resources to target\classes
2025-05-08 11:58:10,044 [Worker-93: Building] INFO  o.a.m.s.f.DefaultMavenResourcesFiltering - Copying 5 resources from src\main\resources to target\classes
2025-05-08 11:58:10,052 [Worker-93: Building] INFO  o.a.m.s.f.DefaultMavenResourcesFiltering - skip non existing resourceDirectory C:\work\Github\202504\202504Class\STS\JpaPractice\src\test\resources
2025-05-08 11:58:23,974 [Worker-94: Building] INFO  o.a.m.s.f.DefaultMavenResourcesFiltering - Copying 1 resource from src\main\resources to target\classes
2025-05-08 11:58:23,995 [Worker-94: Building] INFO  o.a.m.s.f.DefaultMavenResourcesFiltering - Copying 5 resources from src\main\resources to target\classes
2025-05-08 11:58:24,002 [Worker-94: Building] INFO  o.a.m.s.f.DefaultMavenResourcesFiltering - skip non existing resourceDirectory C:\work\Github\202504\202504Class\STS\JpaPractice\src\test\resources
2025-05-08 13:06:58,663 [Worker-97: Building] INFO  o.a.m.s.f.DefaultMavenResourcesFiltering - Copying 1 resource from src\main\resources to target\classes
2025-05-08 13:06:58,687 [Worker-97: Building] INFO  o.a.m.s.f.DefaultMavenResourcesFiltering - Copying 5 resources from src\main\resources to target\classes
2025-05-08 13:06:58,693 [Worker-97: Building] INFO  o.a.m.s.f.DefaultMavenResourcesFiltering - skip non existing resourceDirectory C:\work\Github\202504\202504Class\STS\JpaPractice\src\test\resources
2025-05-08 13:07:10,976 [Worker-100: Building] INFO  o.a.m.s.f.DefaultMavenResourcesFiltering - Copying 0 resource from src\main\resources to target\classes
2025-05-08 13:07:10,978 [Worker-100: Building] INFO  o.a.m.s.f.DefaultMavenResourcesFiltering - Copying 1 resource from src\main\resources to target\classes
2025-05-08 13:07:10,984 [Worker-100: Building] INFO  o.a.m.s.f.DefaultMavenResourcesFiltering - skip non existing resourceDirectory C:\work\Github\202504\202504Class\STS\JpaPractice\src\test\resources
2025-05-08 13:07:22,252 [Worker-96: Building] INFO  o.a.m.s.f.DefaultMavenResourcesFiltering - Copying 1 resource from src\main\resources to target\classes
2025-05-08 13:07:22,262 [Worker-96: Building] INFO  o.a.m.s.f.DefaultMavenResourcesFiltering - Copying 5 resources from src\main\resources to target\classes
2025-05-08 13:07:22,266 [Worker-96: Building] INFO  o.a.m.s.f.DefaultMavenResourcesFiltering - skip non existing resourceDirectory C:\work\Github\202504\202504Class\STS\JpaPractice\src\test\resources
2025-05-08 13:08:53,065 [Worker-99: Building] INFO  o.a.m.s.f.DefaultMavenResourcesFiltering - Copying 1 resource from src\main\resources to target\classes
2025-05-08 13:08:53,076 [Worker-99: Building] INFO  o.a.m.s.f.DefaultMavenResourcesFiltering - Copying 5 resources from src\main\resources to target\classes
2025-05-08 13:08:53,080 [Worker-99: Building] INFO  o.a.m.s.f.DefaultMavenResourcesFiltering - skip non existing resourceDirectory C:\work\Github\202504\202504Class\STS\JpaPractice\src\test\resources
2025-05-08 13:15:29,465 [Worker-97: Building] INFO  o.a.m.s.f.DefaultMavenResourcesFiltering - Copying 1 resource from src\main\resources to target\classes
2025-05-08 13:15:29,480 [Worker-97: Building] INFO  o.a.m.s.f.DefaultMavenResourcesFiltering - Copying 5 resources from src\main\resources to target\classes
2025-05-08 13:15:29,487 [Worker-97: Building] INFO  o.a.m.s.f.DefaultMavenResourcesFiltering - skip non existing resourceDirectory C:\work\Github\202504\202504Class\STS\JpaPractice\src\test\resources
2025-05-08 13:22:02,262 [Worker-96: Building] INFO  o.a.m.s.f.DefaultMavenResourcesFiltering - Copying 1 resource from src\main\resources to target\classes
2025-05-08 13:22:02,301 [Worker-96: Building] INFO  o.a.m.s.f.DefaultMavenResourcesFiltering - Copying 5 resources from src\main\resources to target\classes
2025-05-08 13:22:02,305 [Worker-96: Building] INFO  o.a.m.s.f.DefaultMavenResourcesFiltering - skip non existing resourceDirectory C:\work\Github\202504\202504Class\STS\JpaPractice\src\test\resources
2025-05-08 13:23:09,852 [Worker-107: Building] INFO  o.a.m.s.f.DefaultMavenResourcesFiltering - Copying 1 resource from src\main\resources to target\classes
2025-05-08 13:23:09,859 [Worker-107: Building] INFO  o.a.m.s.f.DefaultMavenResourcesFiltering - Copying 5 resources from src\main\resources to target\classes
2025-05-08 13:23:09,865 [Worker-107: Building] INFO  o.a.m.s.f.DefaultMavenResourcesFiltering - skip non existing resourceDirectory C:\work\Github\202504\202504Class\STS\JpaPractice\src\test\resources
2025-05-08 13:28:24,761 [Worker-97: Building] INFO  o.a.m.s.f.DefaultMavenResourcesFiltering - Copying 1 resource from src\main\resources to target\classes
2025-05-08 13:28:24,772 [Worker-97: Building] INFO  o.a.m.s.f.DefaultMavenResourcesFiltering - Copying 5 resources from src\main\resources to target\classes
2025-05-08 13:28:24,781 [Worker-97: Building] INFO  o.a.m.s.f.DefaultMavenResourcesFiltering - skip non existing resourceDirectory C:\work\Github\202504\202504Class\STS\JpaPractice\src\test\resources
2025-05-08 13:32:48,012 [Worker-101: Building] INFO  o.a.m.s.f.DefaultMavenResourcesFiltering - Copying 1 resource from src\main\resources to target\classes
2025-05-08 13:32:48,028 [Worker-101: Building] INFO  o.a.m.s.f.DefaultMavenResourcesFiltering - Copying 5 resources from src\main\resources to target\classes
2025-05-08 13:32:48,039 [Worker-101: Building] INFO  o.a.m.s.f.DefaultMavenResourcesFiltering - skip non existing resourceDirectory C:\work\Github\202504\202504Class\STS\JpaPractice\src\test\resources
2025-05-08 13:33:36,835 [Worker-111: Building] INFO  o.a.m.s.f.DefaultMavenResourcesFiltering - Copying 1 resource from src\main\resources to target\classes
2025-05-08 13:33:36,844 [Worker-111: Building] INFO  o.a.m.s.f.DefaultMavenResourcesFiltering - Copying 5 resources from src\main\resources to target\classes
2025-05-08 13:33:36,850 [Worker-111: Building] INFO  o.a.m.s.f.DefaultMavenResourcesFiltering - skip non existing resourceDirectory C:\work\Github\202504\202504Class\STS\JpaPractice\src\test\resources
2025-05-08 13:34:10,492 [Worker-109: Building] INFO  o.a.m.s.f.DefaultMavenResourcesFiltering - Copying 1 resource from src\main\resources to target\classes
2025-05-08 13:34:10,502 [Worker-109: Building] INFO  o.a.m.s.f.DefaultMavenResourcesFiltering - Copying 5 resources from src\main\resources to target\classes
2025-05-08 13:34:10,509 [Worker-109: Building] INFO  o.a.m.s.f.DefaultMavenResourcesFiltering - skip non existing resourceDirectory C:\work\Github\202504\202504Class\STS\JpaPractice\src\test\resources
2025-05-08 13:47:09,803 [Worker-101: Building] INFO  o.a.m.s.f.DefaultMavenResourcesFiltering - Copying 0 resource from src\main\resources to target\classes
2025-05-08 13:47:09,806 [Worker-101: Building] INFO  o.a.m.s.f.DefaultMavenResourcesFiltering - Copying 1 resource from src\main\resources to target\classes
2025-05-08 13:47:09,814 [Worker-101: Building] INFO  o.a.m.s.f.DefaultMavenResourcesFiltering - skip non existing resourceDirectory C:\work\Github\202504\202504Class\STS\JpaPractice\src\test\resources
2025-05-08 13:47:49,939 [Worker-107: Building] INFO  o.a.m.s.f.DefaultMavenResourcesFiltering - Copying 0 resource from src\main\resources to target\classes
2025-05-08 13:47:49,941 [Worker-107: Building] INFO  o.a.m.s.f.DefaultMavenResourcesFiltering - Copying 1 resource from src\main\resources to target\classes
2025-05-08 13:47:49,946 [Worker-107: Building] INFO  o.a.m.s.f.DefaultMavenResourcesFiltering - skip non existing resourceDirectory C:\work\Github\202504\202504Class\STS\JpaPractice\src\test\resources
2025-05-08 13:48:46,296 [Worker-114: Building] INFO  o.a.m.s.f.DefaultMavenResourcesFiltering - Copying 1 resource from src\main\resources to target\classes
2025-05-08 13:48:46,303 [Worker-114: Building] INFO  o.a.m.s.f.DefaultMavenResourcesFiltering - Copying 5 resources from src\main\resources to target\classes
2025-05-08 13:48:46,309 [Worker-114: Building] INFO  o.a.m.s.f.DefaultMavenResourcesFiltering - skip non existing resourceDirectory C:\work\Github\202504\202504Class\STS\JpaPractice\src\test\resources
2025-05-08 13:48:58,702 [Worker-116: Building] INFO  o.a.m.s.f.DefaultMavenResourcesFiltering - Copying 1 resource from src\main\resources to target\classes
2025-05-08 13:48:58,716 [Worker-116: Building] INFO  o.a.m.s.f.DefaultMavenResourcesFiltering - Copying 5 resources from src\main\resources to target\classes
2025-05-08 13:48:58,722 [Worker-116: Building] INFO  o.a.m.s.f.DefaultMavenResourcesFiltering - skip non existing resourceDirectory C:\work\Github\202504\202504Class\STS\JpaPractice\src\test\resources
2025-05-08 13:49:37,127 [Worker-101: Building] INFO  o.a.m.s.f.DefaultMavenResourcesFiltering - Copying 1 resource from src\main\resources to target\classes
2025-05-08 13:49:37,211 [Worker-101: Building] INFO  o.a.m.s.f.DefaultMavenResourcesFiltering - Copying 5 resources from src\main\resources to target\classes
2025-05-08 13:49:37,224 [Worker-101: Building] INFO  o.a.m.s.f.DefaultMavenResourcesFiltering - skip non existing resourceDirectory C:\work\Github\202504\202504Class\STS\JpaPractice\src\test\resources
2025-05-08 14:10:10,371 [Worker-122: Building] INFO  o.a.m.s.f.DefaultMavenResourcesFiltering - Copying 1 resource from src\main\resources to target\classes
2025-05-08 14:10:10,388 [Worker-122: Building] INFO  o.a.m.s.f.DefaultMavenResourcesFiltering - Copying 5 resources from src\main\resources to target\classes
2025-05-08 14:10:10,399 [Worker-122: Building] INFO  o.a.m.s.f.DefaultMavenResourcesFiltering - skip non existing resourceDirectory C:\work\Github\202504\202504Class\STS\JpaPractice\src\test\resources
2025-05-08 14:11:25,416 [Worker-123: Building] INFO  o.a.m.s.f.DefaultMavenResourcesFiltering - Copying 1 resource from src\main\resources to target\classes
2025-05-08 14:11:25,425 [Worker-123: Building] INFO  o.a.m.s.f.DefaultMavenResourcesFiltering - Copying 5 resources from src\main\resources to target\classes
2025-05-08 14:11:25,433 [Worker-123: Building] INFO  o.a.m.s.f.DefaultMavenResourcesFiltering - skip non existing resourceDirectory C:\work\Github\202504\202504Class\STS\JpaPractice\src\test\resources
2025-05-08 14:14:19,079 [Worker-122: Building] INFO  o.a.m.s.f.DefaultMavenResourcesFiltering - Copying 1 resource from src\main\resources to target\classes
2025-05-08 14:14:19,087 [Worker-122: Building] INFO  o.a.m.s.f.DefaultMavenResourcesFiltering - Copying 5 resources from src\main\resources to target\classes
2025-05-08 14:14:19,093 [Worker-122: Building] INFO  o.a.m.s.f.DefaultMavenResourcesFiltering - skip non existing resourceDirectory C:\work\Github\202504\202504Class\STS\JpaPractice\src\test\resources
2025-05-08 14:14:33,160 [Worker-125: Building] INFO  o.a.m.s.f.DefaultMavenResourcesFiltering - Copying 1 resource from src\main\resources to target\classes
2025-05-08 14:14:33,173 [Worker-125: Building] INFO  o.a.m.s.f.DefaultMavenResourcesFiltering - Copying 5 resources from src\main\resources to target\classes
2025-05-08 14:14:33,179 [Worker-125: Building] INFO  o.a.m.s.f.DefaultMavenResourcesFiltering - skip non existing resourceDirectory C:\work\Github\202504\202504Class\STS\JpaPractice\src\test\resources
2025-05-08 14:41:30,667 [Worker-128: Building] INFO  o.a.m.s.f.DefaultMavenResourcesFiltering - Copying 1 resource from src\main\resources to target\classes
2025-05-08 14:41:30,704 [Worker-128: Building] INFO  o.a.m.s.f.DefaultMavenResourcesFiltering - Copying 5 resources from src\main\resources to target\classes
2025-05-08 14:41:30,709 [Worker-128: Building] INFO  o.a.m.s.f.DefaultMavenResourcesFiltering - skip non existing resourceDirectory C:\work\Github\202504\202504Class\STS\JpaPractice\src\test\resources
2025-05-27 09:55:02,036 [Worker-5: Loading available Gradle versions] INFO  o.e.b.c.i.u.g.PublishedGradleVersions - Gradle version information cache is up-to-date. Trying to read.
2025-05-27 10:04:40,513 [Worker-1: Importing Maven projects] INFO  o.e.m.c.i.l.LifecycleMappingFactory - Using org.eclipse.m2e.jdt.JarLifecycleMapping lifecycle mapping for MavenProject: net.lighthouseplan:SpringTest:0.0.1-SNAPSHOT @ C:\work\Github\202504\202504Class\STS\SpringTest\SpringTest\pom.xml.
2025-05-27 10:04:43,309 [Worker-1: Importing Maven projects] INFO  o.e.m.j.i.AbstractJavaProjectConfigurator - Adding source folder /SpringTest/src/main/java
2025-05-27 10:04:43,311 [Worker-1: Importing Maven projects] INFO  o.e.m.j.i.AbstractJavaProjectConfigurator - Adding resource folder /SpringTest/src/main/resources
2025-05-27 10:04:43,319 [Worker-1: Importing Maven projects] INFO  o.e.m.j.i.AbstractJavaProjectConfigurator - Adding resource folder /SpringTest/src/main/resources
2025-05-27 10:04:43,327 [Worker-1: Importing Maven projects] INFO  o.e.m.j.i.AbstractJavaProjectConfigurator - Adding source folder /SpringTest/src/test/java
2025-05-27 10:04:43,329 [Worker-1: Importing Maven projects] INFO  o.e.m.j.i.AbstractJavaProjectConfigurator - Adding resource folder /SpringTest/src/test/resources
2025-05-27 10:04:43,905 [Worker-1: Importing Maven projects] INFO  o.e.m.c.i.p.ProjectConfigurationManager - Imported and configured 1 project(s) in 5 sec
2025-05-27 10:04:48,784 [Worker-12: Building] INFO  o.e.m.c.i.embedder.EclipseLogger - Using 'UTF-8' encoding to copy filtered resources.
2025-05-27 10:04:48,784 [Worker-12: Building] INFO  o.e.m.c.i.embedder.EclipseLogger - Using 'UTF-8' encoding to copy filtered properties files.
2025-05-27 10:04:48,808 [Worker-12: Building] INFO  o.e.m.c.i.embedder.EclipseLogger - Copying 1 resource
2025-05-27 10:04:48,872 [Worker-12: Building] INFO  o.e.m.c.i.embedder.EclipseLogger - Copying 6 resources
2025-05-27 10:04:48,941 [Worker-12: Building] INFO  o.e.m.c.i.embedder.EclipseLogger - Using 'UTF-8' encoding to copy filtered resources.
2025-05-27 10:04:48,941 [Worker-12: Building] INFO  o.e.m.c.i.embedder.EclipseLogger - Using 'UTF-8' encoding to copy filtered properties files.
2025-05-27 10:04:48,941 [Worker-12: Building] INFO  o.e.m.c.i.embedder.EclipseLogger - skip non existing resourceDirectory C:\work\Github\202504\202504Class\STS\SpringTest\SpringTest\src\test\resources
2025-05-27 10:23:24,182 [Worker-24: Building] INFO  o.e.m.c.i.embedder.EclipseLogger - Using 'UTF-8' encoding to copy filtered resources.
2025-05-27 10:23:24,183 [Worker-24: Building] INFO  o.e.m.c.i.embedder.EclipseLogger - Using 'UTF-8' encoding to copy filtered properties files.
2025-05-27 10:23:24,184 [Worker-24: Building] INFO  o.e.m.c.i.embedder.EclipseLogger - Copying 1 resource
2025-05-27 10:23:24,237 [Worker-24: Building] INFO  o.e.m.c.i.embedder.EclipseLogger - Copying 6 resources
2025-05-27 10:23:24,255 [Worker-24: Building] INFO  o.e.m.c.i.embedder.EclipseLogger - Using 'UTF-8' encoding to copy filtered resources.
2025-05-27 10:23:24,255 [Worker-24: Building] INFO  o.e.m.c.i.embedder.EclipseLogger - Using 'UTF-8' encoding to copy filtered properties files.
2025-05-27 10:23:24,255 [Worker-24: Building] INFO  o.e.m.c.i.embedder.EclipseLogger - skip non existing resourceDirectory C:\work\Github\202504\202504Class\STS\SpringTest\SpringTest\src\test\resources
2025-05-27 10:23:41,414 [Worker-26: Building] INFO  o.e.m.c.i.embedder.EclipseLogger - Using 'UTF-8' encoding to copy filtered resources.
2025-05-27 10:23:41,414 [Worker-26: Building] INFO  o.e.m.c.i.embedder.EclipseLogger - Using 'UTF-8' encoding to copy filtered properties files.
2025-05-27 10:23:41,418 [Worker-26: Building] INFO  o.e.m.c.i.embedder.EclipseLogger - Copying 1 resource
2025-05-27 10:23:41,441 [Worker-26: Building] INFO  o.e.m.c.i.embedder.EclipseLogger - Copying 6 resources
2025-05-27 10:23:41,449 [Worker-26: Building] INFO  o.e.m.c.i.embedder.EclipseLogger - Using 'UTF-8' encoding to copy filtered resources.
2025-05-27 10:23:41,450 [Worker-26: Building] INFO  o.e.m.c.i.embedder.EclipseLogger - Using 'UTF-8' encoding to copy filtered properties files.
2025-05-27 10:23:41,450 [Worker-26: Building] INFO  o.e.m.c.i.embedder.EclipseLogger - skip non existing resourceDirectory C:\work\Github\202504\202504Class\STS\SpringTest\SpringTest\src\test\resources
2025-05-27 10:36:04,671 [Worker-28: Building] INFO  o.e.m.c.i.embedder.EclipseLogger - Using 'UTF-8' encoding to copy filtered resources.
2025-05-27 10:36:04,672 [Worker-28: Building] INFO  o.e.m.c.i.embedder.EclipseLogger - Using 'UTF-8' encoding to copy filtered properties files.
2025-05-27 10:36:04,674 [Worker-28: Building] INFO  o.e.m.c.i.embedder.EclipseLogger - Copying 0 resource
2025-05-27 10:36:04,676 [Worker-28: Building] INFO  o.e.m.c.i.embedder.EclipseLogger - Copying 0 resource
2025-05-27 10:36:04,682 [Worker-28: Building] INFO  o.e.m.c.i.embedder.EclipseLogger - Using 'UTF-8' encoding to copy filtered resources.
2025-05-27 10:36:04,682 [Worker-28: Building] INFO  o.e.m.c.i.embedder.EclipseLogger - Using 'UTF-8' encoding to copy filtered properties files.
2025-05-27 10:36:04,682 [Worker-28: Building] INFO  o.e.m.c.i.embedder.EclipseLogger - skip non existing resourceDirectory C:\work\Github\202504\202504Class\STS\SpringTest\SpringTest\src\test\resources
2025-05-27 10:39:00,760 [Worker-32: Building] INFO  o.e.m.c.i.embedder.EclipseLogger - Using 'UTF-8' encoding to copy filtered resources.
2025-05-27 10:39:00,760 [Worker-32: Building] INFO  o.e.m.c.i.embedder.EclipseLogger - Using 'UTF-8' encoding to copy filtered properties files.
2025-05-27 10:39:00,764 [Worker-32: Building] INFO  o.e.m.c.i.embedder.EclipseLogger - Copying 0 resource
2025-05-27 10:39:00,766 [Worker-32: Building] INFO  o.e.m.c.i.embedder.EclipseLogger - Copying 0 resource
2025-05-27 10:39:00,774 [Worker-32: Building] INFO  o.e.m.c.i.embedder.EclipseLogger - Using 'UTF-8' encoding to copy filtered resources.
2025-05-27 10:39:00,775 [Worker-32: Building] INFO  o.e.m.c.i.embedder.EclipseLogger - Using 'UTF-8' encoding to copy filtered properties files.
2025-05-27 10:39:00,775 [Worker-32: Building] INFO  o.e.m.c.i.embedder.EclipseLogger - skip non existing resourceDirectory C:\work\Github\202504\202504Class\STS\SpringTest\SpringTest\src\test\resources
2025-05-27 10:39:33,147 [Worker-29: Building] INFO  o.e.m.c.i.embedder.EclipseLogger - Using 'UTF-8' encoding to copy filtered resources.
2025-05-27 10:39:33,147 [Worker-29: Building] INFO  o.e.m.c.i.embedder.EclipseLogger - Using 'UTF-8' encoding to copy filtered properties files.
2025-05-27 10:39:33,150 [Worker-29: Building] INFO  o.e.m.c.i.embedder.EclipseLogger - Copying 0 resource
2025-05-27 10:39:33,152 [Worker-29: Building] INFO  o.e.m.c.i.embedder.EclipseLogger - Copying 0 resource
2025-05-27 10:39:33,158 [Worker-29: Building] INFO  o.e.m.c.i.embedder.EclipseLogger - Using 'UTF-8' encoding to copy filtered resources.
2025-05-27 10:39:33,158 [Worker-29: Building] INFO  o.e.m.c.i.embedder.EclipseLogger - Using 'UTF-8' encoding to copy filtered properties files.
2025-05-27 10:39:33,159 [Worker-29: Building] INFO  o.e.m.c.i.embedder.EclipseLogger - skip non existing resourceDirectory C:\work\Github\202504\202504Class\STS\SpringTest\SpringTest\src\test\resources
2025-05-27 10:45:16,695 [Worker-28: Building] INFO  o.e.m.c.i.embedder.EclipseLogger - Using 'UTF-8' encoding to copy filtered resources.
2025-05-27 10:45:16,696 [Worker-28: Building] INFO  o.e.m.c.i.embedder.EclipseLogger - Using 'UTF-8' encoding to copy filtered properties files.
2025-05-27 10:45:16,697 [Worker-28: Building] INFO  o.e.m.c.i.embedder.EclipseLogger - Copying 0 resource
2025-05-27 10:45:16,700 [Worker-28: Building] INFO  o.e.m.c.i.embedder.EclipseLogger - Copying 0 resource
2025-05-27 10:45:16,704 [Worker-28: Building] INFO  o.e.m.c.i.embedder.EclipseLogger - Using 'UTF-8' encoding to copy filtered resources.
2025-05-27 10:45:16,704 [Worker-28: Building] INFO  o.e.m.c.i.embedder.EclipseLogger - Using 'UTF-8' encoding to copy filtered properties files.
2025-05-27 10:45:16,704 [Worker-28: Building] INFO  o.e.m.c.i.embedder.EclipseLogger - skip non existing resourceDirectory C:\work\Github\202504\202504Class\STS\SpringTest\SpringTest\src\test\resources
2025-05-27 10:47:02,581 [Worker-29: Building] INFO  o.e.m.c.i.embedder.EclipseLogger - Using 'UTF-8' encoding to copy filtered resources.
2025-05-27 10:47:02,581 [Worker-29: Building] INFO  o.e.m.c.i.embedder.EclipseLogger - Using 'UTF-8' encoding to copy filtered properties files.
2025-05-27 10:47:02,583 [Worker-29: Building] INFO  o.e.m.c.i.embedder.EclipseLogger - Copying 0 resource
2025-05-27 10:47:02,586 [Worker-29: Building] INFO  o.e.m.c.i.embedder.EclipseLogger - Copying 0 resource
2025-05-27 10:47:02,593 [Worker-29: Building] INFO  o.e.m.c.i.embedder.EclipseLogger - Using 'UTF-8' encoding to copy filtered resources.
2025-05-27 10:47:02,593 [Worker-29: Building] INFO  o.e.m.c.i.embedder.EclipseLogger - Using 'UTF-8' encoding to copy filtered properties files.
2025-05-27 10:47:02,593 [Worker-29: Building] INFO  o.e.m.c.i.embedder.EclipseLogger - skip non existing resourceDirectory C:\work\Github\202504\202504Class\STS\SpringTest\SpringTest\src\test\resources
2025-05-27 10:47:17,759 [Worker-32: Building] INFO  o.e.m.c.i.embedder.EclipseLogger - Using 'UTF-8' encoding to copy filtered resources.
2025-05-27 10:47:17,759 [Worker-32: Building] INFO  o.e.m.c.i.embedder.EclipseLogger - Using 'UTF-8' encoding to copy filtered properties files.
2025-05-27 10:47:17,761 [Worker-32: Building] INFO  o.e.m.c.i.embedder.EclipseLogger - Copying 0 resource
2025-05-27 10:47:17,763 [Worker-32: Building] INFO  o.e.m.c.i.embedder.EclipseLogger - Copying 0 resource
2025-05-27 10:47:17,773 [Worker-32: Building] INFO  o.e.m.c.i.embedder.EclipseLogger - Using 'UTF-8' encoding to copy filtered resources.
2025-05-27 10:47:17,773 [Worker-32: Building] INFO  o.e.m.c.i.embedder.EclipseLogger - Using 'UTF-8' encoding to copy filtered properties files.
2025-05-27 10:47:17,773 [Worker-32: Building] INFO  o.e.m.c.i.embedder.EclipseLogger - skip non existing resourceDirectory C:\work\Github\202504\202504Class\STS\SpringTest\SpringTest\src\test\resources
2025-05-27 11:13:24,512 [Worker-53: Building] INFO  o.e.m.c.i.embedder.EclipseLogger - Using 'UTF-8' encoding to copy filtered resources.
2025-05-27 11:13:24,512 [Worker-53: Building] INFO  o.e.m.c.i.embedder.EclipseLogger - Using 'UTF-8' encoding to copy filtered properties files.
2025-05-27 11:13:24,514 [Worker-53: Building] INFO  o.e.m.c.i.embedder.EclipseLogger - Copying 0 resource
2025-05-27 11:13:24,516 [Worker-53: Building] INFO  o.e.m.c.i.embedder.EclipseLogger - Copying 0 resource
2025-05-27 11:13:24,519 [Worker-53: Building] INFO  o.e.m.c.i.embedder.EclipseLogger - Using 'UTF-8' encoding to copy filtered resources.
2025-05-27 11:13:24,519 [Worker-53: Building] INFO  o.e.m.c.i.embedder.EclipseLogger - Using 'UTF-8' encoding to copy filtered properties files.
2025-05-27 11:13:24,519 [Worker-53: Building] INFO  o.e.m.c.i.embedder.EclipseLogger - skip non existing resourceDirectory C:\work\Github\202504\202504Class\STS\SpringTest\SpringTest\src\test\resources
2025-05-27 11:17:51,748 [Worker-54: Building] INFO  o.e.m.c.i.embedder.EclipseLogger - Using 'UTF-8' encoding to copy filtered resources.
2025-05-27 11:17:51,748 [Worker-54: Building] INFO  o.e.m.c.i.embedder.EclipseLogger - Using 'UTF-8' encoding to copy filtered properties files.
2025-05-27 11:17:51,750 [Worker-54: Building] INFO  o.e.m.c.i.embedder.EclipseLogger - Copying 0 resource
2025-05-27 11:17:51,753 [Worker-54: Building] INFO  o.e.m.c.i.embedder.EclipseLogger - Copying 0 resource
2025-05-27 11:17:51,758 [Worker-54: Building] INFO  o.e.m.c.i.embedder.EclipseLogger - Using 'UTF-8' encoding to copy filtered resources.
2025-05-27 11:17:51,760 [Worker-54: Building] INFO  o.e.m.c.i.embedder.EclipseLogger - Using 'UTF-8' encoding to copy filtered properties files.
2025-05-27 11:17:51,760 [Worker-54: Building] INFO  o.e.m.c.i.embedder.EclipseLogger - skip non existing resourceDirectory C:\work\Github\202504\202504Class\STS\SpringTest\SpringTest\src\test\resources
2025-05-27 11:19:09,763 [Worker-48: Building] INFO  o.e.m.c.i.embedder.EclipseLogger - Using 'UTF-8' encoding to copy filtered resources.
2025-05-27 11:19:09,763 [Worker-48: Building] INFO  o.e.m.c.i.embedder.EclipseLogger - Using 'UTF-8' encoding to copy filtered properties files.
2025-05-27 11:19:09,765 [Worker-48: Building] INFO  o.e.m.c.i.embedder.EclipseLogger - Copying 0 resource
2025-05-27 11:19:09,768 [Worker-48: Building] INFO  o.e.m.c.i.embedder.EclipseLogger - Copying 0 resource
2025-05-27 11:19:09,772 [Worker-48: Building] INFO  o.e.m.c.i.embedder.EclipseLogger - Using 'UTF-8' encoding to copy filtered resources.
2025-05-27 11:19:09,772 [Worker-48: Building] INFO  o.e.m.c.i.embedder.EclipseLogger - Using 'UTF-8' encoding to copy filtered properties files.
2025-05-27 11:19:09,772 [Worker-48: Building] INFO  o.e.m.c.i.embedder.EclipseLogger - skip non existing resourceDirectory C:\work\Github\202504\202504Class\STS\SpringTest\SpringTest\src\test\resources
2025-05-27 11:20:45,482 [Worker-53: Building] INFO  o.e.m.c.i.embedder.EclipseLogger - Using 'UTF-8' encoding to copy filtered resources.
2025-05-27 11:20:45,482 [Worker-53: Building] INFO  o.e.m.c.i.embedder.EclipseLogger - Using 'UTF-8' encoding to copy filtered properties files.
2025-05-27 11:20:45,484 [Worker-53: Building] INFO  o.e.m.c.i.embedder.EclipseLogger - Copying 0 resource
2025-05-27 11:20:45,488 [Worker-53: Building] INFO  o.e.m.c.i.embedder.EclipseLogger - Copying 0 resource
2025-05-27 11:20:45,493 [Worker-53: Building] INFO  o.e.m.c.i.embedder.EclipseLogger - Using 'UTF-8' encoding to copy filtered resources.
2025-05-27 11:20:45,493 [Worker-53: Building] INFO  o.e.m.c.i.embedder.EclipseLogger - Using 'UTF-8' encoding to copy filtered properties files.
2025-05-27 11:20:45,493 [Worker-53: Building] INFO  o.e.m.c.i.embedder.EclipseLogger - skip non existing resourceDirectory C:\work\Github\202504\202504Class\STS\SpringTest\SpringTest\src\test\resources
2025-05-27 11:21:24,070 [Worker-48: Building] INFO  o.e.m.c.i.embedder.EclipseLogger - Using 'UTF-8' encoding to copy filtered resources.
2025-05-27 11:21:24,071 [Worker-48: Building] INFO  o.e.m.c.i.embedder.EclipseLogger - Using 'UTF-8' encoding to copy filtered properties files.
2025-05-27 11:21:24,072 [Worker-48: Building] INFO  o.e.m.c.i.embedder.EclipseLogger - Copying 0 resource
2025-05-27 11:21:24,073 [Worker-48: Building] INFO  o.e.m.c.i.embedder.EclipseLogger - Copying 0 resource
2025-05-27 11:21:24,078 [Worker-48: Building] INFO  o.e.m.c.i.embedder.EclipseLogger - Using 'UTF-8' encoding to copy filtered resources.
2025-05-27 11:21:24,078 [Worker-48: Building] INFO  o.e.m.c.i.embedder.EclipseLogger - Using 'UTF-8' encoding to copy filtered properties files.
2025-05-27 11:21:24,078 [Worker-48: Building] INFO  o.e.m.c.i.embedder.EclipseLogger - skip non existing resourceDirectory C:\work\Github\202504\202504Class\STS\SpringTest\SpringTest\src\test\resources
2025-05-27 11:27:20,237 [Worker-58: Building] INFO  o.e.m.c.i.embedder.EclipseLogger - Using 'UTF-8' encoding to copy filtered resources.
2025-05-27 11:27:20,237 [Worker-58: Building] INFO  o.e.m.c.i.embedder.EclipseLogger - Using 'UTF-8' encoding to copy filtered properties files.
2025-05-27 11:27:20,240 [Worker-58: Building] INFO  o.e.m.c.i.embedder.EclipseLogger - Copying 0 resource
2025-05-27 11:27:20,243 [Worker-58: Building] INFO  o.e.m.c.i.embedder.EclipseLogger - Copying 0 resource
2025-05-27 11:27:20,251 [Worker-58: Building] INFO  o.e.m.c.i.embedder.EclipseLogger - Using 'UTF-8' encoding to copy filtered resources.
2025-05-27 11:27:20,252 [Worker-58: Building] INFO  o.e.m.c.i.embedder.EclipseLogger - Using 'UTF-8' encoding to copy filtered properties files.
2025-05-27 11:27:20,252 [Worker-58: Building] INFO  o.e.m.c.i.embedder.EclipseLogger - skip non existing resourceDirectory C:\work\Github\202504\202504Class\STS\SpringTest\SpringTest\src\test\resources
2025-05-27 11:27:25,160 [Worker-54: Building] INFO  o.e.m.c.i.embedder.EclipseLogger - Using 'UTF-8' encoding to copy filtered resources.
2025-05-27 11:27:25,160 [Worker-54: Building] INFO  o.e.m.c.i.embedder.EclipseLogger - Using 'UTF-8' encoding to copy filtered properties files.
2025-05-27 11:27:25,161 [Worker-54: Building] INFO  o.e.m.c.i.embedder.EclipseLogger - Copying 0 resource
2025-05-27 11:27:25,162 [Worker-54: Building] INFO  o.e.m.c.i.embedder.EclipseLogger - Copying 0 resource
2025-05-27 11:27:25,170 [Worker-54: Building] INFO  o.e.m.c.i.embedder.EclipseLogger - Using 'UTF-8' encoding to copy filtered resources.
2025-05-27 11:27:25,170 [Worker-54: Building] INFO  o.e.m.c.i.embedder.EclipseLogger - Using 'UTF-8' encoding to copy filtered properties files.
2025-05-27 11:27:25,170 [Worker-54: Building] INFO  o.e.m.c.i.embedder.EclipseLogger - skip non existing resourceDirectory C:\work\Github\202504\202504Class\STS\SpringTest\SpringTest\src\test\resources
2025-05-27 11:47:19,577 [Worker-62: Building] INFO  o.e.m.c.i.embedder.EclipseLogger - Using 'UTF-8' encoding to copy filtered resources.
2025-05-27 11:47:19,578 [Worker-62: Building] INFO  o.e.m.c.i.embedder.EclipseLogger - Using 'UTF-8' encoding to copy filtered properties files.
2025-05-27 11:47:19,580 [Worker-62: Building] INFO  o.e.m.c.i.embedder.EclipseLogger - Copying 0 resource
2025-05-27 11:47:19,583 [Worker-62: Building] INFO  o.e.m.c.i.embedder.EclipseLogger - Copying 0 resource
2025-05-27 11:47:19,592 [Worker-62: Building] INFO  o.e.m.c.i.embedder.EclipseLogger - Using 'UTF-8' encoding to copy filtered resources.
2025-05-27 11:47:19,592 [Worker-62: Building] INFO  o.e.m.c.i.embedder.EclipseLogger - Using 'UTF-8' encoding to copy filtered properties files.
2025-05-27 11:47:19,592 [Worker-62: Building] INFO  o.e.m.c.i.embedder.EclipseLogger - skip non existing resourceDirectory C:\work\Github\202504\202504Class\STS\SpringTest\SpringTest\src\test\resources
2025-05-27 11:47:58,391 [Worker-65: Building] INFO  o.e.m.c.i.embedder.EclipseLogger - Using 'UTF-8' encoding to copy filtered resources.
2025-05-27 11:47:58,391 [Worker-65: Building] INFO  o.e.m.c.i.embedder.EclipseLogger - Using 'UTF-8' encoding to copy filtered properties files.
2025-05-27 11:47:58,393 [Worker-65: Building] INFO  o.e.m.c.i.embedder.EclipseLogger - Copying 0 resource
2025-05-27 11:47:58,396 [Worker-65: Building] INFO  o.e.m.c.i.embedder.EclipseLogger - Copying 0 resource
2025-05-27 11:47:58,402 [Worker-65: Building] INFO  o.e.m.c.i.embedder.EclipseLogger - Using 'UTF-8' encoding to copy filtered resources.
2025-05-27 11:47:58,402 [Worker-65: Building] INFO  o.e.m.c.i.embedder.EclipseLogger - Using 'UTF-8' encoding to copy filtered properties files.
2025-05-27 11:47:58,402 [Worker-65: Building] INFO  o.e.m.c.i.embedder.EclipseLogger - skip non existing resourceDirectory C:\work\Github\202504\202504Class\STS\SpringTest\SpringTest\src\test\resources
2025-05-27 11:48:28,692 [Worker-59: Building] INFO  o.e.m.c.i.embedder.EclipseLogger - Using 'UTF-8' encoding to copy filtered resources.
2025-05-27 11:48:28,693 [Worker-59: Building] INFO  o.e.m.c.i.embedder.EclipseLogger - Using 'UTF-8' encoding to copy filtered properties files.
2025-05-27 11:48:28,694 [Worker-59: Building] INFO  o.e.m.c.i.embedder.EclipseLogger - Copying 0 resource
2025-05-27 11:48:28,698 [Worker-59: Building] INFO  o.e.m.c.i.embedder.EclipseLogger - Copying 0 resource
2025-05-27 11:48:28,702 [Worker-59: Building] INFO  o.e.m.c.i.embedder.EclipseLogger - Using 'UTF-8' encoding to copy filtered resources.
2025-05-27 11:48:28,702 [Worker-59: Building] INFO  o.e.m.c.i.embedder.EclipseLogger - Using 'UTF-8' encoding to copy filtered properties files.
2025-05-27 11:48:28,702 [Worker-59: Building] INFO  o.e.m.c.i.embedder.EclipseLogger - skip non existing resourceDirectory C:\work\Github\202504\202504Class\STS\SpringTest\SpringTest\src\test\resources
2025-05-27 11:48:36,687 [Worker-64: Building] INFO  o.e.m.c.i.embedder.EclipseLogger - Using 'UTF-8' encoding to copy filtered resources.
2025-05-27 11:48:36,687 [Worker-64: Building] INFO  o.e.m.c.i.embedder.EclipseLogger - Using 'UTF-8' encoding to copy filtered properties files.
2025-05-27 11:48:36,688 [Worker-64: Building] INFO  o.e.m.c.i.embedder.EclipseLogger - Copying 0 resource
2025-05-27 11:48:36,690 [Worker-64: Building] INFO  o.e.m.c.i.embedder.EclipseLogger - Copying 0 resource
2025-05-27 11:48:36,693 [Worker-64: Building] INFO  o.e.m.c.i.embedder.EclipseLogger - Using 'UTF-8' encoding to copy filtered resources.
2025-05-27 11:48:36,693 [Worker-64: Building] INFO  o.e.m.c.i.embedder.EclipseLogger - Using 'UTF-8' encoding to copy filtered properties files.
2025-05-27 11:48:36,693 [Worker-64: Building] INFO  o.e.m.c.i.embedder.EclipseLogger - skip non existing resourceDirectory C:\work\Github\202504\202504Class\STS\SpringTest\SpringTest\src\test\resources
2025-05-27 11:49:08,160 [Worker-64: Building] INFO  o.e.m.c.i.embedder.EclipseLogger - Using 'UTF-8' encoding to copy filtered resources.
2025-05-27 11:49:08,160 [Worker-64: Building] INFO  o.e.m.c.i.embedder.EclipseLogger - Using 'UTF-8' encoding to copy filtered properties files.
2025-05-27 11:49:08,161 [Worker-64: Building] INFO  o.e.m.c.i.embedder.EclipseLogger - Copying 0 resource
2025-05-27 11:49:08,163 [Worker-64: Building] INFO  o.e.m.c.i.embedder.EclipseLogger - Copying 0 resource
2025-05-27 11:49:08,168 [Worker-64: Building] INFO  o.e.m.c.i.embedder.EclipseLogger - Using 'UTF-8' encoding to copy filtered resources.
2025-05-27 11:49:08,168 [Worker-64: Building] INFO  o.e.m.c.i.embedder.EclipseLogger - Using 'UTF-8' encoding to copy filtered properties files.
2025-05-27 11:49:08,168 [Worker-64: Building] INFO  o.e.m.c.i.embedder.EclipseLogger - skip non existing resourceDirectory C:\work\Github\202504\202504Class\STS\SpringTest\SpringTest\src\test\resources
2025-05-27 13:06:51,123 [Worker-69: Building] INFO  o.e.m.c.i.embedder.EclipseLogger - Using 'UTF-8' encoding to copy filtered resources.
2025-05-27 13:06:51,124 [Worker-69: Building] INFO  o.e.m.c.i.embedder.EclipseLogger - Using 'UTF-8' encoding to copy filtered properties files.
2025-05-27 13:06:51,126 [Worker-69: Building] INFO  o.e.m.c.i.embedder.EclipseLogger - Copying 0 resource
2025-05-27 13:06:51,130 [Worker-69: Building] INFO  o.e.m.c.i.embedder.EclipseLogger - Copying 0 resource
2025-05-27 13:06:51,135 [Worker-69: Building] INFO  o.e.m.c.i.embedder.EclipseLogger - Using 'UTF-8' encoding to copy filtered resources.
2025-05-27 13:06:51,135 [Worker-69: Building] INFO  o.e.m.c.i.embedder.EclipseLogger - Using 'UTF-8' encoding to copy filtered properties files.
2025-05-27 13:06:51,136 [Worker-69: Building] INFO  o.e.m.c.i.embedder.EclipseLogger - skip non existing resourceDirectory C:\work\Github\202504\202504Class\STS\SpringTest\SpringTest\src\test\resources
2025-05-27 13:07:42,022 [Worker-71: Building] INFO  o.e.m.c.i.embedder.EclipseLogger - Using 'UTF-8' encoding to copy filtered resources.
2025-05-27 13:07:42,022 [Worker-71: Building] INFO  o.e.m.c.i.embedder.EclipseLogger - Using 'UTF-8' encoding to copy filtered properties files.
2025-05-27 13:07:42,024 [Worker-71: Building] INFO  o.e.m.c.i.embedder.EclipseLogger - Copying 0 resource
2025-05-27 13:07:42,026 [Worker-71: Building] INFO  o.e.m.c.i.embedder.EclipseLogger - Copying 0 resource
2025-05-27 13:07:42,028 [Worker-71: Building] INFO  o.e.m.c.i.embedder.EclipseLogger - Using 'UTF-8' encoding to copy filtered resources.
2025-05-27 13:07:42,028 [Worker-71: Building] INFO  o.e.m.c.i.embedder.EclipseLogger - Using 'UTF-8' encoding to copy filtered properties files.
2025-05-27 13:07:42,028 [Worker-71: Building] INFO  o.e.m.c.i.embedder.EclipseLogger - skip non existing resourceDirectory C:\work\Github\202504\202504Class\STS\SpringTest\SpringTest\src\test\resources
2025-05-27 13:14:04,311 [Worker-74: Building] INFO  o.e.m.c.i.embedder.EclipseLogger - Using 'UTF-8' encoding to copy filtered resources.
2025-05-27 13:14:04,311 [Worker-74: Building] INFO  o.e.m.c.i.embedder.EclipseLogger - Using 'UTF-8' encoding to copy filtered properties files.
2025-05-27 13:14:04,313 [Worker-74: Building] INFO  o.e.m.c.i.embedder.EclipseLogger - Copying 0 resource
2025-05-27 13:14:04,315 [Worker-74: Building] INFO  o.e.m.c.i.embedder.EclipseLogger - Copying 0 resource
2025-05-27 13:14:04,319 [Worker-74: Building] INFO  o.e.m.c.i.embedder.EclipseLogger - Using 'UTF-8' encoding to copy filtered resources.
2025-05-27 13:14:04,319 [Worker-74: Building] INFO  o.e.m.c.i.embedder.EclipseLogger - Using 'UTF-8' encoding to copy filtered properties files.
2025-05-27 13:14:04,319 [Worker-74: Building] INFO  o.e.m.c.i.embedder.EclipseLogger - skip non existing resourceDirectory C:\work\Github\202504\202504Class\STS\SpringTest\SpringTest\src\test\resources
2025-05-27 13:23:02,319 [Worker-66: Building] INFO  o.e.m.c.i.embedder.EclipseLogger - Using 'UTF-8' encoding to copy filtered resources.
2025-05-27 13:23:02,319 [Worker-66: Building] INFO  o.e.m.c.i.embedder.EclipseLogger - Using 'UTF-8' encoding to copy filtered properties files.
2025-05-27 13:23:02,321 [Worker-66: Building] INFO  o.e.m.c.i.embedder.EclipseLogger - Copying 0 resource
2025-05-27 13:23:02,322 [Worker-66: Building] INFO  o.e.m.c.i.embedder.EclipseLogger - Copying 0 resource
2025-05-27 13:23:02,328 [Worker-66: Building] INFO  o.e.m.c.i.embedder.EclipseLogger - Using 'UTF-8' encoding to copy filtered resources.
2025-05-27 13:23:02,328 [Worker-66: Building] INFO  o.e.m.c.i.embedder.EclipseLogger - Using 'UTF-8' encoding to copy filtered properties files.
2025-05-27 13:23:02,328 [Worker-66: Building] INFO  o.e.m.c.i.embedder.EclipseLogger - skip non existing resourceDirectory C:\work\Github\202504\202504Class\STS\SpringTest\SpringTest\src\test\resources
2025-05-27 13:24:58,576 [Worker-77: Building] INFO  o.e.m.c.i.embedder.EclipseLogger - Using 'UTF-8' encoding to copy filtered resources.
2025-05-27 13:24:58,576 [Worker-77: Building] INFO  o.e.m.c.i.embedder.EclipseLogger - Using 'UTF-8' encoding to copy filtered properties files.
2025-05-27 13:24:58,578 [Worker-77: Building] INFO  o.e.m.c.i.embedder.EclipseLogger - Copying 0 resource
2025-05-27 13:24:58,580 [Worker-77: Building] INFO  o.e.m.c.i.embedder.EclipseLogger - Copying 0 resource
2025-05-27 13:24:58,584 [Worker-77: Building] INFO  o.e.m.c.i.embedder.EclipseLogger - Using 'UTF-8' encoding to copy filtered resources.
2025-05-27 13:24:58,584 [Worker-77: Building] INFO  o.e.m.c.i.embedder.EclipseLogger - Using 'UTF-8' encoding to copy filtered properties files.
2025-05-27 13:24:58,584 [Worker-77: Building] INFO  o.e.m.c.i.embedder.EclipseLogger - skip non existing resourceDirectory C:\work\Github\202504\202504Class\STS\SpringTest\SpringTest\src\test\resources
2025-05-27 13:25:23,620 [Worker-76: Building] INFO  o.e.m.c.i.embedder.EclipseLogger - Using 'UTF-8' encoding to copy filtered resources.
2025-05-27 13:25:23,620 [Worker-76: Building] INFO  o.e.m.c.i.embedder.EclipseLogger - Using 'UTF-8' encoding to copy filtered properties files.
2025-05-27 13:25:23,621 [Worker-76: Building] INFO  o.e.m.c.i.embedder.EclipseLogger - Copying 0 resource
2025-05-27 13:25:23,622 [Worker-76: Building] INFO  o.e.m.c.i.embedder.EclipseLogger - Copying 0 resource
2025-05-27 13:25:23,626 [Worker-76: Building] INFO  o.e.m.c.i.embedder.EclipseLogger - Using 'UTF-8' encoding to copy filtered resources.
2025-05-27 13:25:23,627 [Worker-76: Building] INFO  o.e.m.c.i.embedder.EclipseLogger - Using 'UTF-8' encoding to copy filtered properties files.
2025-05-27 13:25:23,627 [Worker-76: Building] INFO  o.e.m.c.i.embedder.EclipseLogger - skip non existing resourceDirectory C:\work\Github\202504\202504Class\STS\SpringTest\SpringTest\src\test\resources
2025-05-27 13:29:04,959 [Worker-76: Building] INFO  o.e.m.c.i.embedder.EclipseLogger - Using 'UTF-8' encoding to copy filtered resources.
2025-05-27 13:29:04,959 [Worker-76: Building] INFO  o.e.m.c.i.embedder.EclipseLogger - Using 'UTF-8' encoding to copy filtered properties files.
2025-05-27 13:29:04,961 [Worker-76: Building] INFO  o.e.m.c.i.embedder.EclipseLogger - Copying 0 resource
2025-05-27 13:29:04,963 [Worker-76: Building] INFO  o.e.m.c.i.embedder.EclipseLogger - Copying 0 resource
2025-05-27 13:29:04,966 [Worker-76: Building] INFO  o.e.m.c.i.embedder.EclipseLogger - Using 'UTF-8' encoding to copy filtered resources.
2025-05-27 13:29:04,968 [Worker-76: Building] INFO  o.e.m.c.i.embedder.EclipseLogger - Using 'UTF-8' encoding to copy filtered properties files.
2025-05-27 13:29:04,968 [Worker-76: Building] INFO  o.e.m.c.i.embedder.EclipseLogger - skip non existing resourceDirectory C:\work\Github\202504\202504Class\STS\SpringTest\SpringTest\src\test\resources
2025-05-27 13:31:25,127 [Worker-76: Building] INFO  o.e.m.c.i.embedder.EclipseLogger - Using 'UTF-8' encoding to copy filtered resources.
2025-05-27 13:31:25,127 [Worker-76: Building] INFO  o.e.m.c.i.embedder.EclipseLogger - Using 'UTF-8' encoding to copy filtered properties files.
2025-05-27 13:31:25,128 [Worker-76: Building] INFO  o.e.m.c.i.embedder.EclipseLogger - Copying 0 resource
2025-05-27 13:31:25,129 [Worker-76: Building] INFO  o.e.m.c.i.embedder.EclipseLogger - Copying 0 resource
2025-05-27 13:31:25,138 [Worker-76: Building] INFO  o.e.m.c.i.embedder.EclipseLogger - Using 'UTF-8' encoding to copy filtered resources.
2025-05-27 13:31:25,138 [Worker-76: Building] INFO  o.e.m.c.i.embedder.EclipseLogger - Using 'UTF-8' encoding to copy filtered properties files.
2025-05-27 13:31:25,138 [Worker-76: Building] INFO  o.e.m.c.i.embedder.EclipseLogger - skip non existing resourceDirectory C:\work\Github\202504\202504Class\STS\SpringTest\SpringTest\src\test\resources
2025-05-27 13:42:07,730 [Worker-83: Building] INFO  o.e.m.c.i.embedder.EclipseLogger - Using 'UTF-8' encoding to copy filtered resources.
2025-05-27 13:42:07,731 [Worker-83: Building] INFO  o.e.m.c.i.embedder.EclipseLogger - Using 'UTF-8' encoding to copy filtered properties files.
2025-05-27 13:42:07,732 [Worker-83: Building] INFO  o.e.m.c.i.embedder.EclipseLogger - Copying 0 resource
2025-05-27 13:42:07,734 [Worker-83: Building] INFO  o.e.m.c.i.embedder.EclipseLogger - Copying 0 resource
2025-05-27 13:42:07,736 [Worker-83: Building] INFO  o.e.m.c.i.embedder.EclipseLogger - Using 'UTF-8' encoding to copy filtered resources.
2025-05-27 13:42:07,736 [Worker-83: Building] INFO  o.e.m.c.i.embedder.EclipseLogger - Using 'UTF-8' encoding to copy filtered properties files.
2025-05-27 13:42:07,736 [Worker-83: Building] INFO  o.e.m.c.i.embedder.EclipseLogger - skip non existing resourceDirectory C:\work\Github\202504\202504Class\STS\SpringTest\SpringTest\src\test\resources
2025-05-27 13:43:10,674 [Worker-82: Building] INFO  o.e.m.c.i.embedder.EclipseLogger - Using 'UTF-8' encoding to copy filtered resources.
2025-05-27 13:43:10,674 [Worker-82: Building] INFO  o.e.m.c.i.embedder.EclipseLogger - Using 'UTF-8' encoding to copy filtered properties files.
2025-05-27 13:43:10,675 [Worker-82: Building] INFO  o.e.m.c.i.embedder.EclipseLogger - Copying 0 resource
2025-05-27 13:43:10,676 [Worker-82: Building] INFO  o.e.m.c.i.embedder.EclipseLogger - Copying 0 resource
2025-05-27 13:43:10,681 [Worker-82: Building] INFO  o.e.m.c.i.embedder.EclipseLogger - Using 'UTF-8' encoding to copy filtered resources.
2025-05-27 13:43:10,681 [Worker-82: Building] INFO  o.e.m.c.i.embedder.EclipseLogger - Using 'UTF-8' encoding to copy filtered properties files.
2025-05-27 13:43:10,681 [Worker-82: Building] INFO  o.e.m.c.i.embedder.EclipseLogger - skip non existing resourceDirectory C:\work\Github\202504\202504Class\STS\SpringTest\SpringTest\src\test\resources
2025-05-27 13:51:45,047 [Worker-88: Building] INFO  o.e.m.c.i.embedder.EclipseLogger - Using 'UTF-8' encoding to copy filtered resources.
2025-05-27 13:51:45,048 [Worker-88: Building] INFO  o.e.m.c.i.embedder.EclipseLogger - Using 'UTF-8' encoding to copy filtered properties files.
2025-05-27 13:51:45,050 [Worker-88: Building] INFO  o.e.m.c.i.embedder.EclipseLogger - Copying 0 resource
2025-05-27 13:51:45,054 [Worker-88: Building] INFO  o.e.m.c.i.embedder.EclipseLogger - Copying 0 resource
2025-05-27 13:51:45,059 [Worker-88: Building] INFO  o.e.m.c.i.embedder.EclipseLogger - Using 'UTF-8' encoding to copy filtered resources.
2025-05-27 13:51:45,059 [Worker-88: Building] INFO  o.e.m.c.i.embedder.EclipseLogger - Using 'UTF-8' encoding to copy filtered properties files.
2025-05-27 13:51:45,059 [Worker-88: Building] INFO  o.e.m.c.i.embedder.EclipseLogger - skip non existing resourceDirectory C:\work\Github\202504\202504Class\STS\SpringTest\SpringTest\src\test\resources
2025-05-27 13:51:46,983 [Worker-82: Building] INFO  o.e.m.c.i.embedder.EclipseLogger - Using 'UTF-8' encoding to copy filtered resources.
2025-05-27 13:51:46,983 [Worker-82: Building] INFO  o.e.m.c.i.embedder.EclipseLogger - Using 'UTF-8' encoding to copy filtered properties files.
2025-05-27 13:51:46,985 [Worker-82: Building] INFO  o.e.m.c.i.embedder.EclipseLogger - Copying 0 resource
2025-05-27 13:51:46,988 [Worker-82: Building] INFO  o.e.m.c.i.embedder.EclipseLogger - Copying 0 resource
2025-05-27 13:51:46,993 [Worker-82: Building] INFO  o.e.m.c.i.embedder.EclipseLogger - Using 'UTF-8' encoding to copy filtered resources.
2025-05-27 13:51:46,993 [Worker-82: Building] INFO  o.e.m.c.i.embedder.EclipseLogger - Using 'UTF-8' encoding to copy filtered properties files.
2025-05-27 13:51:46,993 [Worker-82: Building] INFO  o.e.m.c.i.embedder.EclipseLogger - skip non existing resourceDirectory C:\work\Github\202504\202504Class\STS\SpringTest\SpringTest\src\test\resources
2025-05-27 13:53:00,892 [Worker-82: Building] INFO  o.e.m.c.i.embedder.EclipseLogger - Using 'UTF-8' encoding to copy filtered resources.
2025-05-27 13:53:00,893 [Worker-82: Building] INFO  o.e.m.c.i.embedder.EclipseLogger - Using 'UTF-8' encoding to copy filtered properties files.
2025-05-27 13:53:00,897 [Worker-82: Building] INFO  o.e.m.c.i.embedder.EclipseLogger - Copying 0 resource
2025-05-27 13:53:00,900 [Worker-82: Building] INFO  o.e.m.c.i.embedder.EclipseLogger - Copying 0 resource
2025-05-27 13:53:00,905 [Worker-82: Building] INFO  o.e.m.c.i.embedder.EclipseLogger - Using 'UTF-8' encoding to copy filtered resources.
2025-05-27 13:53:00,905 [Worker-82: Building] INFO  o.e.m.c.i.embedder.EclipseLogger - Using 'UTF-8' encoding to copy filtered properties files.
2025-05-27 13:53:00,905 [Worker-82: Building] INFO  o.e.m.c.i.embedder.EclipseLogger - skip non existing resourceDirectory C:\work\Github\202504\202504Class\STS\SpringTest\SpringTest\src\test\resources
2025-05-27 13:53:03,597 [Worker-88: Building] INFO  o.e.m.c.i.embedder.EclipseLogger - Using 'UTF-8' encoding to copy filtered resources.
2025-05-27 13:53:03,597 [Worker-88: Building] INFO  o.e.m.c.i.embedder.EclipseLogger - Using 'UTF-8' encoding to copy filtered properties files.
2025-05-27 13:53:03,598 [Worker-88: Building] INFO  o.e.m.c.i.embedder.EclipseLogger - Copying 0 resource
2025-05-27 13:53:03,600 [Worker-88: Building] INFO  o.e.m.c.i.embedder.EclipseLogger - Copying 0 resource
2025-05-27 13:53:03,607 [Worker-88: Building] INFO  o.e.m.c.i.embedder.EclipseLogger - Using 'UTF-8' encoding to copy filtered resources.
2025-05-27 13:53:03,608 [Worker-88: Building] INFO  o.e.m.c.i.embedder.EclipseLogger - Using 'UTF-8' encoding to copy filtered properties files.
2025-05-27 13:53:03,608 [Worker-88: Building] INFO  o.e.m.c.i.embedder.EclipseLogger - skip non existing resourceDirectory C:\work\Github\202504\202504Class\STS\SpringTest\SpringTest\src\test\resources
2025-05-27 13:53:39,342 [Worker-87: Building] INFO  o.e.m.c.i.embedder.EclipseLogger - Using 'UTF-8' encoding to copy filtered resources.
2025-05-27 13:53:39,342 [Worker-87: Building] INFO  o.e.m.c.i.embedder.EclipseLogger - Using 'UTF-8' encoding to copy filtered properties files.
2025-05-27 13:53:39,343 [Worker-87: Building] INFO  o.e.m.c.i.embedder.EclipseLogger - Copying 0 resource
2025-05-27 13:53:39,344 [Worker-87: Building] INFO  o.e.m.c.i.embedder.EclipseLogger - Copying 0 resource
2025-05-27 13:53:39,348 [Worker-87: Building] INFO  o.e.m.c.i.embedder.EclipseLogger - Using 'UTF-8' encoding to copy filtered resources.
2025-05-27 13:53:39,348 [Worker-87: Building] INFO  o.e.m.c.i.embedder.EclipseLogger - Using 'UTF-8' encoding to copy filtered properties files.
2025-05-27 13:53:39,348 [Worker-87: Building] INFO  o.e.m.c.i.embedder.EclipseLogger - skip non existing resourceDirectory C:\work\Github\202504\202504Class\STS\SpringTest\SpringTest\src\test\resources
2025-05-27 13:55:41,286 [Worker-88: Building] INFO  o.e.m.c.i.embedder.EclipseLogger - Using 'UTF-8' encoding to copy filtered resources.
2025-05-27 13:55:41,287 [Worker-88: Building] INFO  o.e.m.c.i.embedder.EclipseLogger - Using 'UTF-8' encoding to copy filtered properties files.
2025-05-27 13:55:41,288 [Worker-88: Building] INFO  o.e.m.c.i.embedder.EclipseLogger - Copying 0 resource
2025-05-27 13:55:41,292 [Worker-88: Building] INFO  o.e.m.c.i.embedder.EclipseLogger - Copying 0 resource
2025-05-27 13:55:41,297 [Worker-88: Building] INFO  o.e.m.c.i.embedder.EclipseLogger - Using 'UTF-8' encoding to copy filtered resources.
2025-05-27 13:55:41,297 [Worker-88: Building] INFO  o.e.m.c.i.embedder.EclipseLogger - Using 'UTF-8' encoding to copy filtered properties files.
2025-05-27 13:55:41,297 [Worker-88: Building] INFO  o.e.m.c.i.embedder.EclipseLogger - skip non existing resourceDirectory C:\work\Github\202504\202504Class\STS\SpringTest\SpringTest\src\test\resources
2025-05-27 14:22:04,394 [Worker-93: Building] INFO  o.e.m.c.i.embedder.EclipseLogger - Using 'UTF-8' encoding to copy filtered resources.
2025-05-27 14:22:04,395 [Worker-93: Building] INFO  o.e.m.c.i.embedder.EclipseLogger - Using 'UTF-8' encoding to copy filtered properties files.
2025-05-27 14:22:04,396 [Worker-93: Building] INFO  o.e.m.c.i.embedder.EclipseLogger - Copying 0 resource
2025-05-27 14:22:04,397 [Worker-93: Building] INFO  o.e.m.c.i.embedder.EclipseLogger - Copying 0 resource
2025-05-27 14:22:04,400 [Worker-93: Building] INFO  o.e.m.c.i.embedder.EclipseLogger - Using 'UTF-8' encoding to copy filtered resources.
2025-05-27 14:22:04,400 [Worker-93: Building] INFO  o.e.m.c.i.embedder.EclipseLogger - Using 'UTF-8' encoding to copy filtered properties files.
2025-05-27 14:22:04,400 [Worker-93: Building] INFO  o.e.m.c.i.embedder.EclipseLogger - skip non existing resourceDirectory C:\work\Github\202504\202504Class\STS\SpringTest\SpringTest\src\test\resources
2025-05-27 14:24:02,614 [Worker-93: Building] INFO  o.e.m.c.i.embedder.EclipseLogger - Using 'UTF-8' encoding to copy filtered resources.
2025-05-27 14:24:02,614 [Worker-93: Building] INFO  o.e.m.c.i.embedder.EclipseLogger - Using 'UTF-8' encoding to copy filtered properties files.
2025-05-27 14:24:02,616 [Worker-93: Building] INFO  o.e.m.c.i.embedder.EclipseLogger - Copying 0 resource
2025-05-27 14:24:02,619 [Worker-93: Building] INFO  o.e.m.c.i.embedder.EclipseLogger - Copying 0 resource
2025-05-27 14:24:02,627 [Worker-93: Building] INFO  o.e.m.c.i.embedder.EclipseLogger - Using 'UTF-8' encoding to copy filtered resources.
2025-05-27 14:24:02,627 [Worker-93: Building] INFO  o.e.m.c.i.embedder.EclipseLogger - Using 'UTF-8' encoding to copy filtered properties files.
2025-05-27 14:24:02,627 [Worker-93: Building] INFO  o.e.m.c.i.embedder.EclipseLogger - skip non existing resourceDirectory C:\work\Github\202504\202504Class\STS\SpringTest\SpringTest\src\test\resources
2025-05-27 14:30:02,315 [Worker-98: Building] INFO  o.e.m.c.i.embedder.EclipseLogger - Using 'UTF-8' encoding to copy filtered resources.
2025-05-27 14:30:02,316 [Worker-98: Building] INFO  o.e.m.c.i.embedder.EclipseLogger - Using 'UTF-8' encoding to copy filtered properties files.
2025-05-27 14:30:02,317 [Worker-98: Building] INFO  o.e.m.c.i.embedder.EclipseLogger - Copying 0 resource
2025-05-27 14:30:02,320 [Worker-98: Building] INFO  o.e.m.c.i.embedder.EclipseLogger - Copying 0 resource
2025-05-27 14:30:02,328 [Worker-98: Building] INFO  o.e.m.c.i.embedder.EclipseLogger - Using 'UTF-8' encoding to copy filtered resources.
2025-05-27 14:30:02,328 [Worker-98: Building] INFO  o.e.m.c.i.embedder.EclipseLogger - Using 'UTF-8' encoding to copy filtered properties files.
2025-05-27 14:30:02,329 [Worker-98: Building] INFO  o.e.m.c.i.embedder.EclipseLogger - skip non existing resourceDirectory C:\work\Github\202504\202504Class\STS\SpringTest\SpringTest\src\test\resources
2025-05-27 14:30:15,248 [Worker-98: Building] INFO  o.e.m.c.i.embedder.EclipseLogger - Using 'UTF-8' encoding to copy filtered resources.
2025-05-27 14:30:15,248 [Worker-98: Building] INFO  o.e.m.c.i.embedder.EclipseLogger - Using 'UTF-8' encoding to copy filtered properties files.
2025-05-27 14:30:15,250 [Worker-98: Building] INFO  o.e.m.c.i.embedder.EclipseLogger - Copying 1 resource
2025-05-27 14:30:15,261 [Worker-98: Building] INFO  o.e.m.c.i.embedder.EclipseLogger - Copying 6 resources
2025-05-27 14:30:15,270 [Worker-98: Building] INFO  o.e.m.c.i.embedder.EclipseLogger - Using 'UTF-8' encoding to copy filtered resources.
2025-05-27 14:30:15,270 [Worker-98: Building] INFO  o.e.m.c.i.embedder.EclipseLogger - Using 'UTF-8' encoding to copy filtered properties files.
2025-05-27 14:30:15,270 [Worker-98: Building] INFO  o.e.m.c.i.embedder.EclipseLogger - skip non existing resourceDirectory C:\work\Github\202504\202504Class\STS\SpringTest\SpringTest\src\test\resources
2025-05-27 14:30:57,945 [Worker-99: Building] INFO  o.e.m.c.i.embedder.EclipseLogger - Using 'UTF-8' encoding to copy filtered resources.
2025-05-27 14:30:57,946 [Worker-99: Building] INFO  o.e.m.c.i.embedder.EclipseLogger - Using 'UTF-8' encoding to copy filtered properties files.
2025-05-27 14:30:57,947 [Worker-99: Building] INFO  o.e.m.c.i.embedder.EclipseLogger - Copying 0 resource
2025-05-27 14:30:57,950 [Worker-99: Building] INFO  o.e.m.c.i.embedder.EclipseLogger - Copying 0 resource
2025-05-27 14:30:57,954 [Worker-99: Building] INFO  o.e.m.c.i.embedder.EclipseLogger - Using 'UTF-8' encoding to copy filtered resources.
2025-05-27 14:30:57,954 [Worker-99: Building] INFO  o.e.m.c.i.embedder.EclipseLogger - Using 'UTF-8' encoding to copy filtered properties files.
2025-05-27 14:30:57,954 [Worker-99: Building] INFO  o.e.m.c.i.embedder.EclipseLogger - skip non existing resourceDirectory C:\work\Github\202504\202504Class\STS\SpringTest\SpringTest\src\test\resources
2025-05-27 14:32:33,595 [Worker-97: Building] INFO  o.e.m.c.i.embedder.EclipseLogger - Using 'UTF-8' encoding to copy filtered resources.
2025-05-27 14:32:33,595 [Worker-97: Building] INFO  o.e.m.c.i.embedder.EclipseLogger - Using 'UTF-8' encoding to copy filtered properties files.
2025-05-27 14:32:33,597 [Worker-97: Building] INFO  o.e.m.c.i.embedder.EclipseLogger - Copying 0 resource
2025-05-27 14:32:33,601 [Worker-97: Building] INFO  o.e.m.c.i.embedder.EclipseLogger - Copying 0 resource
2025-05-27 14:32:33,605 [Worker-97: Building] INFO  o.e.m.c.i.embedder.EclipseLogger - Using 'UTF-8' encoding to copy filtered resources.
2025-05-27 14:32:33,605 [Worker-97: Building] INFO  o.e.m.c.i.embedder.EclipseLogger - Using 'UTF-8' encoding to copy filtered properties files.
2025-05-27 14:32:33,605 [Worker-97: Building] INFO  o.e.m.c.i.embedder.EclipseLogger - skip non existing resourceDirectory C:\work\Github\202504\202504Class\STS\SpringTest\SpringTest\src\test\resources
2025-05-27 14:37:16,647 [Worker-98: Building] INFO  o.e.m.c.i.embedder.EclipseLogger - Using 'UTF-8' encoding to copy filtered resources.
2025-05-27 14:37:16,648 [Worker-98: Building] INFO  o.e.m.c.i.embedder.EclipseLogger - Using 'UTF-8' encoding to copy filtered properties files.
2025-05-27 14:37:16,650 [Worker-98: Building] INFO  o.e.m.c.i.embedder.EclipseLogger - Copying 0 resource
2025-05-27 14:37:16,652 [Worker-98: Building] INFO  o.e.m.c.i.embedder.EclipseLogger - Copying 0 resource
2025-05-27 14:37:16,655 [Worker-98: Building] INFO  o.e.m.c.i.embedder.EclipseLogger - Using 'UTF-8' encoding to copy filtered resources.
2025-05-27 14:37:16,656 [Worker-98: Building] INFO  o.e.m.c.i.embedder.EclipseLogger - Using 'UTF-8' encoding to copy filtered properties files.
2025-05-27 14:37:16,656 [Worker-98: Building] INFO  o.e.m.c.i.embedder.EclipseLogger - skip non existing resourceDirectory C:\work\Github\202504\202504Class\STS\SpringTest\SpringTest\src\test\resources
2025-05-27 14:37:55,134 [Worker-102: Building] INFO  o.e.m.c.i.embedder.EclipseLogger - Using 'UTF-8' encoding to copy filtered resources.
2025-05-27 14:37:55,134 [Worker-102: Building] INFO  o.e.m.c.i.embedder.EclipseLogger - Using 'UTF-8' encoding to copy filtered properties files.
2025-05-27 14:37:55,135 [Worker-102: Building] INFO  o.e.m.c.i.embedder.EclipseLogger - Copying 0 resource
2025-05-27 14:37:55,136 [Worker-102: Building] INFO  o.e.m.c.i.embedder.EclipseLogger - Copying 0 resource
2025-05-27 14:37:55,141 [Worker-102: Building] INFO  o.e.m.c.i.embedder.EclipseLogger - Using 'UTF-8' encoding to copy filtered resources.
2025-05-27 14:37:55,141 [Worker-102: Building] INFO  o.e.m.c.i.embedder.EclipseLogger - Using 'UTF-8' encoding to copy filtered properties files.
2025-05-27 14:37:55,141 [Worker-102: Building] INFO  o.e.m.c.i.embedder.EclipseLogger - skip non existing resourceDirectory C:\work\Github\202504\202504Class\STS\SpringTest\SpringTest\src\test\resources
2025-05-27 14:39:12,723 [Worker-103: Building] INFO  o.e.m.c.i.embedder.EclipseLogger - Using 'UTF-8' encoding to copy filtered resources.
2025-05-27 14:39:12,723 [Worker-103: Building] INFO  o.e.m.c.i.embedder.EclipseLogger - Using 'UTF-8' encoding to copy filtered properties files.
2025-05-27 14:39:12,724 [Worker-103: Building] INFO  o.e.m.c.i.embedder.EclipseLogger - Copying 0 resource
2025-05-27 14:39:12,726 [Worker-103: Building] INFO  o.e.m.c.i.embedder.EclipseLogger - Copying 0 resource
2025-05-27 14:39:12,730 [Worker-103: Building] INFO  o.e.m.c.i.embedder.EclipseLogger - Using 'UTF-8' encoding to copy filtered resources.
2025-05-27 14:39:12,730 [Worker-103: Building] INFO  o.e.m.c.i.embedder.EclipseLogger - Using 'UTF-8' encoding to copy filtered properties files.
2025-05-27 14:39:12,730 [Worker-103: Building] INFO  o.e.m.c.i.embedder.EclipseLogger - skip non existing resourceDirectory C:\work\Github\202504\202504Class\STS\SpringTest\SpringTest\src\test\resources
2025-05-27 15:06:09,853 [Worker-105: Building] INFO  o.e.m.c.i.embedder.EclipseLogger - Using 'UTF-8' encoding to copy filtered resources.
2025-05-27 15:06:09,853 [Worker-105: Building] INFO  o.e.m.c.i.embedder.EclipseLogger - Using 'UTF-8' encoding to copy filtered properties files.
2025-05-27 15:06:09,856 [Worker-105: Building] INFO  o.e.m.c.i.embedder.EclipseLogger - Copying 0 resource
2025-05-27 15:06:09,857 [Worker-105: Building] INFO  o.e.m.c.i.embedder.EclipseLogger - Copying 0 resource
2025-05-27 15:06:09,860 [Worker-105: Building] INFO  o.e.m.c.i.embedder.EclipseLogger - Using 'UTF-8' encoding to copy filtered resources.
2025-05-27 15:06:09,860 [Worker-105: Building] INFO  o.e.m.c.i.embedder.EclipseLogger - Using 'UTF-8' encoding to copy filtered properties files.
2025-05-27 15:06:09,860 [Worker-105: Building] INFO  o.e.m.c.i.embedder.EclipseLogger - skip non existing resourceDirectory C:\work\Github\202504\202504Class\STS\SpringTest\SpringTest\src\test\resources
2025-05-27 15:06:28,110 [Worker-98: Building] INFO  o.e.m.c.i.embedder.EclipseLogger - Using 'UTF-8' encoding to copy filtered resources.
2025-05-27 15:06:28,110 [Worker-98: Building] INFO  o.e.m.c.i.embedder.EclipseLogger - Using 'UTF-8' encoding to copy filtered properties files.
2025-05-27 15:06:28,112 [Worker-98: Building] INFO  o.e.m.c.i.embedder.EclipseLogger - Copying 0 resource
2025-05-27 15:06:28,114 [Worker-98: Building] INFO  o.e.m.c.i.embedder.EclipseLogger - Copying 0 resource
2025-05-27 15:06:28,118 [Worker-98: Building] INFO  o.e.m.c.i.embedder.EclipseLogger - Using 'UTF-8' encoding to copy filtered resources.
2025-05-27 15:06:28,118 [Worker-98: Building] INFO  o.e.m.c.i.embedder.EclipseLogger - Using 'UTF-8' encoding to copy filtered properties files.
2025-05-27 15:06:28,118 [Worker-98: Building] INFO  o.e.m.c.i.embedder.EclipseLogger - skip non existing resourceDirectory C:\work\Github\202504\202504Class\STS\SpringTest\SpringTest\src\test\resources
2025-05-27 15:06:40,818 [Worker-106: Building] INFO  o.e.m.c.i.embedder.EclipseLogger - Using 'UTF-8' encoding to copy filtered resources.
2025-05-27 15:06:40,818 [Worker-106: Building] INFO  o.e.m.c.i.embedder.EclipseLogger - Using 'UTF-8' encoding to copy filtered properties files.
2025-05-27 15:06:40,819 [Worker-106: Building] INFO  o.e.m.c.i.embedder.EclipseLogger - Copying 0 resource
2025-05-27 15:06:40,821 [Worker-106: Building] INFO  o.e.m.c.i.embedder.EclipseLogger - Copying 0 resource
2025-05-27 15:06:40,824 [Worker-106: Building] INFO  o.e.m.c.i.embedder.EclipseLogger - Using 'UTF-8' encoding to copy filtered resources.
2025-05-27 15:06:40,824 [Worker-106: Building] INFO  o.e.m.c.i.embedder.EclipseLogger - Using 'UTF-8' encoding to copy filtered properties files.
2025-05-27 15:06:40,825 [Worker-106: Building] INFO  o.e.m.c.i.embedder.EclipseLogger - skip non existing resourceDirectory C:\work\Github\202504\202504Class\STS\SpringTest\SpringTest\src\test\resources
2025-05-27 15:06:42,286 [Worker-98: Building] INFO  o.e.m.c.i.embedder.EclipseLogger - Using 'UTF-8' encoding to copy filtered resources.
2025-05-27 15:06:42,286 [Worker-98: Building] INFO  o.e.m.c.i.embedder.EclipseLogger - Using 'UTF-8' encoding to copy filtered properties files.
2025-05-27 15:06:42,287 [Worker-98: Building] INFO  o.e.m.c.i.embedder.EclipseLogger - Copying 0 resource
2025-05-27 15:06:42,289 [Worker-98: Building] INFO  o.e.m.c.i.embedder.EclipseLogger - Copying 0 resource
2025-05-27 15:06:42,292 [Worker-98: Building] INFO  o.e.m.c.i.embedder.EclipseLogger - Using 'UTF-8' encoding to copy filtered resources.
2025-05-27 15:06:42,292 [Worker-98: Building] INFO  o.e.m.c.i.embedder.EclipseLogger - Using 'UTF-8' encoding to copy filtered properties files.
2025-05-27 15:06:42,292 [Worker-98: Building] INFO  o.e.m.c.i.embedder.EclipseLogger - skip non existing resourceDirectory C:\work\Github\202504\202504Class\STS\SpringTest\SpringTest\src\test\resources
2025-05-27 15:15:11,242 [Worker-108: Building] INFO  o.e.m.c.i.embedder.EclipseLogger - Using 'UTF-8' encoding to copy filtered resources.
2025-05-27 15:15:11,306 [Worker-108: Building] INFO  o.e.m.c.i.embedder.EclipseLogger - Using 'UTF-8' encoding to copy filtered properties files.
2025-05-27 15:15:11,310 [Worker-108: Building] INFO  o.e.m.c.i.embedder.EclipseLogger - Copying 0 resource
2025-05-27 15:15:11,314 [Worker-108: Building] INFO  o.e.m.c.i.embedder.EclipseLogger - Copying 0 resource
2025-05-27 15:15:11,334 [Worker-108: Building] INFO  o.e.m.c.i.embedder.EclipseLogger - Using 'UTF-8' encoding to copy filtered resources.
2025-05-27 15:15:11,335 [Worker-108: Building] INFO  o.e.m.c.i.embedder.EclipseLogger - Using 'UTF-8' encoding to copy filtered properties files.
2025-05-27 15:15:11,335 [Worker-108: Building] INFO  o.e.m.c.i.embedder.EclipseLogger - skip non existing resourceDirectory C:\work\Github\202504\202504Class\STS\SpringTest\SpringTest\src\test\resources
2025-05-27 15:24:10,964 [Worker-111: Building] INFO  o.e.m.c.i.embedder.EclipseLogger - Using 'UTF-8' encoding to copy filtered resources.
2025-05-27 15:24:10,965 [Worker-111: Building] INFO  o.e.m.c.i.embedder.EclipseLogger - Using 'UTF-8' encoding to copy filtered properties files.
2025-05-27 15:24:10,966 [Worker-111: Building] INFO  o.e.m.c.i.embedder.EclipseLogger - Copying 0 resource
2025-05-27 15:24:10,968 [Worker-111: Building] INFO  o.e.m.c.i.embedder.EclipseLogger - Copying 0 resource
2025-05-27 15:24:10,971 [Worker-111: Building] INFO  o.e.m.c.i.embedder.EclipseLogger - Using 'UTF-8' encoding to copy filtered resources.
2025-05-27 15:24:10,972 [Worker-111: Building] INFO  o.e.m.c.i.embedder.EclipseLogger - Using 'UTF-8' encoding to copy filtered properties files.
2025-05-27 15:24:10,972 [Worker-111: Building] INFO  o.e.m.c.i.embedder.EclipseLogger - skip non existing resourceDirectory C:\work\Github\202504\202504Class\STS\SpringTest\SpringTest\src\test\resources
2025-05-27 15:28:03,865 [Worker-111: Building] INFO  o.e.m.c.i.embedder.EclipseLogger - Using 'UTF-8' encoding to copy filtered resources.
2025-05-27 15:28:03,865 [Worker-111: Building] INFO  o.e.m.c.i.embedder.EclipseLogger - Using 'UTF-8' encoding to copy filtered properties files.
2025-05-27 15:28:03,867 [Worker-111: Building] INFO  o.e.m.c.i.embedder.EclipseLogger - Copying 0 resource
2025-05-27 15:28:03,868 [Worker-111: Building] INFO  o.e.m.c.i.embedder.EclipseLogger - Copying 0 resource
2025-05-27 15:28:03,872 [Worker-111: Building] INFO  o.e.m.c.i.embedder.EclipseLogger - Using 'UTF-8' encoding to copy filtered resources.
2025-05-27 15:28:03,872 [Worker-111: Building] INFO  o.e.m.c.i.embedder.EclipseLogger - Using 'UTF-8' encoding to copy filtered properties files.
2025-05-27 15:28:03,872 [Worker-111: Building] INFO  o.e.m.c.i.embedder.EclipseLogger - skip non existing resourceDirectory C:\work\Github\202504\202504Class\STS\SpringTest\SpringTest\src\test\resources
2025-05-27 15:28:04,997 [Worker-111: Building] INFO  o.e.m.c.i.embedder.EclipseLogger - Using 'UTF-8' encoding to copy filtered resources.
2025-05-27 15:28:04,998 [Worker-111: Building] INFO  o.e.m.c.i.embedder.EclipseLogger - Using 'UTF-8' encoding to copy filtered properties files.
2025-05-27 15:28:04,998 [Worker-111: Building] INFO  o.e.m.c.i.embedder.EclipseLogger - Copying 0 resource
2025-05-27 15:28:05,001 [Worker-111: Building] INFO  o.e.m.c.i.embedder.EclipseLogger - Copying 0 resource
2025-05-27 15:28:05,004 [Worker-111: Building] INFO  o.e.m.c.i.embedder.EclipseLogger - Using 'UTF-8' encoding to copy filtered resources.
2025-05-27 15:28:05,004 [Worker-111: Building] INFO  o.e.m.c.i.embedder.EclipseLogger - Using 'UTF-8' encoding to copy filtered properties files.
2025-05-27 15:28:05,004 [Worker-111: Building] INFO  o.e.m.c.i.embedder.EclipseLogger - skip non existing resourceDirectory C:\work\Github\202504\202504Class\STS\SpringTest\SpringTest\src\test\resources
2025-05-27 15:32:23,966 [Worker-110: Building] INFO  o.e.m.c.i.embedder.EclipseLogger - Using 'UTF-8' encoding to copy filtered resources.
2025-05-27 15:32:23,967 [Worker-110: Building] INFO  o.e.m.c.i.embedder.EclipseLogger - Using 'UTF-8' encoding to copy filtered properties files.
2025-05-27 15:32:23,968 [Worker-110: Building] INFO  o.e.m.c.i.embedder.EclipseLogger - Copying 0 resource
2025-05-27 15:32:23,971 [Worker-110: Building] INFO  o.e.m.c.i.embedder.EclipseLogger - Copying 0 resource
2025-05-27 15:32:23,973 [Worker-110: Building] INFO  o.e.m.c.i.embedder.EclipseLogger - Using 'UTF-8' encoding to copy filtered resources.
2025-05-27 15:32:23,973 [Worker-110: Building] INFO  o.e.m.c.i.embedder.EclipseLogger - Using 'UTF-8' encoding to copy filtered properties files.
2025-05-27 15:32:23,973 [Worker-110: Building] INFO  o.e.m.c.i.embedder.EclipseLogger - skip non existing resourceDirectory C:\work\Github\202504\202504Class\STS\SpringTest\SpringTest\src\test\resources
2025-05-27 15:34:41,230 [Worker-113: Building] INFO  o.e.m.c.i.embedder.EclipseLogger - Using 'UTF-8' encoding to copy filtered resources.
2025-05-27 15:34:41,231 [Worker-113: Building] INFO  o.e.m.c.i.embedder.EclipseLogger - Using 'UTF-8' encoding to copy filtered properties files.
2025-05-27 15:34:41,234 [Worker-113: Building] INFO  o.e.m.c.i.embedder.EclipseLogger - Copying 0 resource
2025-05-27 15:34:41,237 [Worker-113: Building] INFO  o.e.m.c.i.embedder.EclipseLogger - Copying 0 resource
2025-05-27 15:34:41,241 [Worker-113: Building] INFO  o.e.m.c.i.embedder.EclipseLogger - Using 'UTF-8' encoding to copy filtered resources.
2025-05-27 15:34:41,241 [Worker-113: Building] INFO  o.e.m.c.i.embedder.EclipseLogger - Using 'UTF-8' encoding to copy filtered properties files.
2025-05-27 15:34:41,242 [Worker-113: Building] INFO  o.e.m.c.i.embedder.EclipseLogger - skip non existing resourceDirectory C:\work\Github\202504\202504Class\STS\SpringTest\SpringTest\src\test\resources
2025-05-27 15:35:48,712 [Worker-111: Building] INFO  o.e.m.c.i.embedder.EclipseLogger - Using 'UTF-8' encoding to copy filtered resources.
2025-05-27 15:35:48,712 [Worker-111: Building] INFO  o.e.m.c.i.embedder.EclipseLogger - Using 'UTF-8' encoding to copy filtered properties files.
2025-05-27 15:35:48,713 [Worker-111: Building] INFO  o.e.m.c.i.embedder.EclipseLogger - Copying 0 resource
2025-05-27 15:35:48,714 [Worker-111: Building] INFO  o.e.m.c.i.embedder.EclipseLogger - Copying 0 resource
2025-05-27 15:35:48,717 [Worker-111: Building] INFO  o.e.m.c.i.embedder.EclipseLogger - Using 'UTF-8' encoding to copy filtered resources.
2025-05-27 15:35:48,717 [Worker-111: Building] INFO  o.e.m.c.i.embedder.EclipseLogger - Using 'UTF-8' encoding to copy filtered properties files.
2025-05-27 15:35:48,717 [Worker-111: Building] INFO  o.e.m.c.i.embedder.EclipseLogger - skip non existing resourceDirectory C:\work\Github\202504\202504Class\STS\SpringTest\SpringTest\src\test\resources
2025-05-27 15:41:30,419 [Worker-110: Building] INFO  o.e.m.c.i.embedder.EclipseLogger - Using 'UTF-8' encoding to copy filtered resources.
2025-05-27 15:41:30,419 [Worker-110: Building] INFO  o.e.m.c.i.embedder.EclipseLogger - Using 'UTF-8' encoding to copy filtered properties files.
2025-05-27 15:41:30,421 [Worker-110: Building] INFO  o.e.m.c.i.embedder.EclipseLogger - Copying 0 resource
2025-05-27 15:41:30,422 [Worker-110: Building] INFO  o.e.m.c.i.embedder.EclipseLogger - Copying 0 resource
2025-05-27 15:41:30,427 [Worker-110: Building] INFO  o.e.m.c.i.embedder.EclipseLogger - Using 'UTF-8' encoding to copy filtered resources.
2025-05-27 15:41:30,428 [Worker-110: Building] INFO  o.e.m.c.i.embedder.EclipseLogger - Using 'UTF-8' encoding to copy filtered properties files.
2025-05-27 15:41:30,428 [Worker-110: Building] INFO  o.e.m.c.i.embedder.EclipseLogger - skip non existing resourceDirectory C:\work\Github\202504\202504Class\STS\SpringTest\SpringTest\src\test\resources
2025-05-27 15:41:44,685 [Worker-113: Building] INFO  o.e.m.c.i.embedder.EclipseLogger - Using 'UTF-8' encoding to copy filtered resources.
2025-05-27 15:41:44,685 [Worker-113: Building] INFO  o.e.m.c.i.embedder.EclipseLogger - Using 'UTF-8' encoding to copy filtered properties files.
2025-05-27 15:41:44,688 [Worker-113: Building] INFO  o.e.m.c.i.embedder.EclipseLogger - Copying 0 resource
2025-05-27 15:41:44,689 [Worker-113: Building] INFO  o.e.m.c.i.embedder.EclipseLogger - Copying 0 resource
2025-05-27 15:41:44,692 [Worker-113: Building] INFO  o.e.m.c.i.embedder.EclipseLogger - Using 'UTF-8' encoding to copy filtered resources.
2025-05-27 15:41:44,692 [Worker-113: Building] INFO  o.e.m.c.i.embedder.EclipseLogger - Using 'UTF-8' encoding to copy filtered properties files.
2025-05-27 15:41:44,692 [Worker-113: Building] INFO  o.e.m.c.i.embedder.EclipseLogger - skip non existing resourceDirectory C:\work\Github\202504\202504Class\STS\SpringTest\SpringTest\src\test\resources
2025-05-27 15:51:12,906 [Worker-118: Building] INFO  o.e.m.c.i.embedder.EclipseLogger - Using 'UTF-8' encoding to copy filtered resources.
2025-05-27 15:51:12,907 [Worker-118: Building] INFO  o.e.m.c.i.embedder.EclipseLogger - Using 'UTF-8' encoding to copy filtered properties files.
2025-05-27 15:51:12,908 [Worker-118: Building] INFO  o.e.m.c.i.embedder.EclipseLogger - Copying 0 resource
2025-05-27 15:51:12,909 [Worker-118: Building] INFO  o.e.m.c.i.embedder.EclipseLogger - Copying 0 resource
2025-05-27 15:51:12,914 [Worker-118: Building] INFO  o.e.m.c.i.embedder.EclipseLogger - Using 'UTF-8' encoding to copy filtered resources.
2025-05-27 15:51:12,914 [Worker-118: Building] INFO  o.e.m.c.i.embedder.EclipseLogger - Using 'UTF-8' encoding to copy filtered properties files.
2025-05-27 15:51:12,914 [Worker-118: Building] INFO  o.e.m.c.i.embedder.EclipseLogger - skip non existing resourceDirectory C:\work\Github\202504\202504Class\STS\SpringTest\SpringTest\src\test\resources
2025-05-27 15:51:26,331 [Worker-118: Building] INFO  o.e.m.c.i.embedder.EclipseLogger - Using 'UTF-8' encoding to copy filtered resources.
2025-05-27 15:51:26,331 [Worker-118: Building] INFO  o.e.m.c.i.embedder.EclipseLogger - Using 'UTF-8' encoding to copy filtered properties files.
2025-05-27 15:51:26,334 [Worker-118: Building] INFO  o.e.m.c.i.embedder.EclipseLogger - Copying 0 resource
2025-05-27 15:51:26,336 [Worker-118: Building] INFO  o.e.m.c.i.embedder.EclipseLogger - Copying 0 resource
2025-05-27 15:51:26,341 [Worker-118: Building] INFO  o.e.m.c.i.embedder.EclipseLogger - Using 'UTF-8' encoding to copy filtered resources.
2025-05-27 15:51:26,341 [Worker-118: Building] INFO  o.e.m.c.i.embedder.EclipseLogger - Using 'UTF-8' encoding to copy filtered properties files.
2025-05-27 15:51:26,341 [Worker-118: Building] INFO  o.e.m.c.i.embedder.EclipseLogger - skip non existing resourceDirectory C:\work\Github\202504\202504Class\STS\SpringTest\SpringTest\src\test\resources
2025-05-27 16:27:19,948 [Worker-122: Launching AccountServiceTest] INFO  o.e.m.c.i.embedder.EclipseLogger - Using 'UTF-8' encoding to copy filtered resources.
2025-05-27 16:27:19,948 [Worker-122: Launching AccountServiceTest] INFO  o.e.m.c.i.embedder.EclipseLogger - Using 'UTF-8' encoding to copy filtered properties files.
2025-05-27 16:27:19,951 [Worker-122: Launching AccountServiceTest] INFO  o.e.m.c.i.embedder.EclipseLogger - Copying 0 resource
2025-05-27 16:27:19,955 [Worker-122: Launching AccountServiceTest] INFO  o.e.m.c.i.embedder.EclipseLogger - Copying 0 resource
2025-05-27 16:27:19,965 [Worker-122: Launching AccountServiceTest] INFO  o.e.m.c.i.embedder.EclipseLogger - Using 'UTF-8' encoding to copy filtered resources.
2025-05-27 16:27:19,965 [Worker-122: Launching AccountServiceTest] INFO  o.e.m.c.i.embedder.EclipseLogger - Using 'UTF-8' encoding to copy filtered properties files.
2025-05-27 16:27:19,965 [Worker-122: Launching AccountServiceTest] INFO  o.e.m.c.i.embedder.EclipseLogger - skip non existing resourceDirectory C:\work\Github\202504\202504Class\STS\SpringTest\SpringTest\src\test\resources
